index,net_param,n_features,features_col,features_name,random_state,data_train,data_train_resample,test_loss,test_cos_sim,net
1,"<bound method Module.parameters of Net(
  (linears): ModuleList(
    (0): Linear(in_features=156, out_features=2, bias=True)
    (1): Linear(in_features=2, out_features=1, bias=True)
    (2): Linear(in_features=1, out_features=1, bias=True)
    (3): Linear(in_features=1, out_features=1, bias=True)
  )
)>",156,"[  0   2   3   4   5   6   7   8   9  10  11  12  13  14  16  17  18  19
  20  21  22  23  26  27  28  30  31  33  34  35  36  37  38  39  40  41
  42  43  44  45  46  48  49  50  51  52  53  54  55  58  59  60  61  62
  63  64  65  66  68  69  70  71  72  73  74  75  76  77  78  79  80  82
  84  85  87  88  89  90  92  93  94  95  96  97  98  99 100 101 102 104
 105 106 107 108 109 110 112 114 116 117 118 119 121 122 124 126 127 128
 129 130 131 132 133 135 136 137 138 139 140 141 142 143 144 145 146 147
 148 149 150 151 153 154 155 156 157 158 159 160 161 162 164 165 166 167
 168 169 171 172 173 175 176 177 178 179 180 181]","['Age', 'Gender', 'Height', 'Weight', 'BMI', 'FootLen', 'Ystudy', 'Illness', 'Nmedication', 'Ortho-Prosthesis', 'Disability', 'Falls12m', '5alphareductaseinhibitor', 'Alphablocker', 'AngiotensinIIreceptorantagonist', 'Angiotensinconvertingenzymeinhibitor', 'Antiarrhythmic', 'Antibiotic', 'Anticholinergic', 'Anticonvulsant', 'Antihistamine', 'Antiinflammatory', 'Antipyretic', 'Antithyroid', 'Antivertigo', 'Betablocker', 'Biguanide', 'Bloodcirculation', 'Bronchodilator', 'Calciumchannelblocker', 'Centralnervoussystemagent', 'Cholinesteraseinhibitor', 'Conjugatedestrogen', 'Corticosteroid', 'DOPAdecarboxylaseinhibitor', 'Diabetesmellitus', 'Dipeptidylpeptidase4inhibitor', 'Diuretic', 'Dopamineagonist', 'Dopamineantagonist', 'Essentialaminoacid', 'HMGCoAreductaseinhibitor', 'Hblocker', 'Herbalsupplement', 'Homeopathic', 'Hypercholesterolemia', 'Hypertension', 'Insulin', 'Kinaseinhibitor', 'Meglitinide', 'Musclerelaxant', 'Nonsteroidalantiinflammatory', 'Nucleosidereversetranscriptaseinhibitor', 'Oralcontraceptive', 'Osteoporosis', 'Phenothiazine', 'Phytotherapy', 'Protonpumpinhibitor', 'Salicylate', 'Sedative', 'Selectivenorepinephrinereuptakeinhibitor', 'Selectiveserotoninreuptakeinhibitor', 'Steroid', 'Steroidalprogestin', 'Sulfonylurea', 'Syntheticthyroidhormone', 'Tumornecrosisfactorinhibitor', 'Vasodilator', 'Wakefulnesspromotingagent', 'Xanthineoxidaseinhibitor', 'Arthritis', 'Bronchitis', 'Conjunctivitis', 'Dermatitis', 'Esophagitis', 'Essential tremor', 'Fatty liver', 'Gastritis', 'Glaucoma', 'Gout', 'Hiatus hernia', 'Hypertriglyceridemia', 'Hyperuricemia', 'Inflammation of the tibial nerve', 'Keratoconus', 'Kidney failure', 'Kidney stones', 'Ligament problems', 'Lumbar tumor', 'Migraine', 'Poliomyelitis', 'Polycystic kidney disease', 'Progressive breast cancer', 'Prostate disease', 'Prostatitis', 'Rheumatism', 'Sinusitis', 'Skin disease', 'Stroke', 'Varicose veins of the legs', 'Vascular leakage of the eyes', 'Anemia', 'Ascending colon cancer', 'Deep vein thrombosis', 'Endometriosis', 'Heel spurs', 'Hepatitis B', 'Intestine disorder', 'Melanoma', ""Parkinson's disease"", 'Prostatic hyperplasia', ""Sjogren's syndrome"", 'Thalassemia minor', 'Vasovagal syncope', 'Vitiligo', 'Heart disease_total', 'Osteopenia_total', 'Tendinitis_total', 'Arthrosis_total', 'Herniated lumbar disc_total', 'Hypercholesterolemia_total', 'Allergy_total', 'Anxiety_total', 'Asthma_total', 'Chodromalacia of the knees_total', 'Diabetes mellitus_total', 'Fibromyalgia_total', 'Hypertension_total', 'Hyperthyroidism_total', 'Hypoglycemia_total', 'Labyrinthitis_total', 'Osteoporosis_total', 'Rhinitis_total', 'Scoliosis_total', 'Intellectual', 'Physical_total', 'Visual_total', 'Hearing_total', 'Orthopedic Shoes', 'Boots_total', 'Normal Shoes_total', 'Sandal_FlipFlop_total', 'Internal fixation in the thigh', 'Internal fixation in the leg', 'Internal fixation in the shoulder', 'Breast implant', 'Clips in the vesicle', 'Corrective lens', 'PaceMaker', 'Internal fixation in the knee', 'Corrective lens', 'Prosthesis aortic valve', 'Dental_total', 'Support_total', 'Hearing_total', 'Internal fixation in the toe_foot_total']",99,124,270,0.22628745436668396,0.5742770433425903,net_1
2,"<bound method Module.parameters of Net(
  (linears): ModuleList(
    (0): Linear(in_features=70, out_features=7, bias=True)
    (1): Linear(in_features=7, out_features=5, bias=True)
    (2): Linear(in_features=5, out_features=4, bias=True)
    (3): Linear(in_features=4, out_features=2, bias=True)
    (4): Linear(in_features=2, out_features=1, bias=True)
    (5): Linear(in_features=1, out_features=1, bias=True)
  )
)>",70,"[  6   7  11  12  14  16  22  23  24  27  32  33  34  36  40  41  45  48
  50  51  53  56  57  60  62  63  69  71  73  75  80  83  84  86  87  89
  91  95  99 102 103 109 111 113 115 120 121 122 127 129 131 134 137 139
 141 142 143 144 145 146 147 150 151 156 157 165 171 175 176 180]","['FootLen', 'Ystudy', 'Disability', 'Falls12m', 'Alphablocker', 'AngiotensinIIreceptorantagonist', 'Antihistamine', 'Antiinflammatory', 'Antimalarial', 'Antithyroid', 'Bisphosphonate', 'Bloodcirculation', 'Bronchodilator', 'Centralnervoussystemagent', 'DOPAdecarboxylaseinhibitor', 'Diabetesmellitus', 'Dopamineantagonist', 'HMGCoAreductaseinhibitor', 'Herbalsupplement', 'Homeopathic', 'Hypertension', 'Kneecartilagereplacement', 'Longactingbetaagonist', 'Nonsteroidalantiinflammatory', 'Oralcontraceptive', 'Osteoporosis', 'Sedative', 'Selectiveserotoninreuptakeinhibitor', 'Steroidalprogestin', 'Syntheticthyroidhormone', 'Arthritis', 'Bursitis', 'Conjunctivitis', 'Epilepsy', 'Esophagitis', 'Fatty liver', 'Gastroesophageal reflux', 'Hypertriglyceridemia', 'Kidney failure', 'Lumbar tumor', 'Lymphedema of the lower members', 'Prostatitis', 'Sickle cell anemia', 'Skin cancer', 'Spine problem', 'Arrhythmia', 'Ascending colon cancer', 'Deep vein thrombosis', 'Hepatitis B', 'Melanoma', 'Prostatic hyperplasia', 'Urinary tract infection', 'Heart disease_total', 'Tendinitis_total', 'Herniated lumbar disc_total', 'Hypercholesterolemia_total', 'Allergy_total', 'Anxiety_total', 'Asthma_total', 'Chodromalacia of the knees_total', 'Diabetes mellitus_total', 'Hyperthyroidism_total', 'Hypoglycemia_total', 'Scoliosis_total', 'Intellectual', 'Sandal_FlipFlop_total', 'Clips in the vesicle', 'Internal fixation in the knee', 'Corrective lens', 'Hearing_total']",72,124,250,0.08188541233539581,0.7211185693740845,net_2
3,"<bound method Module.parameters of Net(
  (linears): ModuleList(
    (0): Linear(in_features=117, out_features=3, bias=True)
    (1): Linear(in_features=3, out_features=1, bias=True)
    (2): Linear(in_features=1, out_features=1, bias=True)
  )
)>",117,"[  0   1   2   3   4   6   7   8  10  11  12  14  16  17  19  22  24  25
  26  27  29  30  31  32  34  36  37  38  41  42  43  44  45  46  47  48
  49  51  52  53  54  55  59  62  63  69  70  72  73  75  76  77  78  79
  81  82  83  84  86  88  89  90  92  93  94  95  96  97  98  99 102 103
 104 105 108 109 110 116 117 120 123 125 126 127 128 129 130 131 133 137
 138 139 141 142 143 144 145 147 150 153 156 158 159 160 161 162 164 165
 167 168 169 170 174 176 177 178 181]","['Age', 'AgeGroup', 'Gender', 'Height', 'Weight', 'FootLen', 'Ystudy', 'Illness', 'Ortho-Prosthesis', 'Disability', 'Falls12m', 'Alphablocker', 'AngiotensinIIreceptorantagonist', 'Angiotensinconvertingenzymeinhibitor', 'Antibiotic', 'Antihistamine', 'Antimalarial', 'Antimuscarinic', 'Antipyretic', 'Antithyroid', 'Benzodiazepine', 'Betablocker', 'Biguanide', 'Bisphosphonate', 'Bronchodilator', 'Centralnervoussystemagent', 'Cholinesteraseinhibitor', 'Conjugatedestrogen', 'Diabetesmellitus', 'Dipeptidylpeptidase4inhibitor', 'Diuretic', 'Dopamineagonist', 'Dopamineantagonist', 'Essentialaminoacid', 'Fluoroquinolone', 'HMGCoAreductaseinhibitor', 'Hblocker', 'Homeopathic', 'Hypercholesterolemia', 'Hypertension', 'Insulin', 'Kinaseinhibitor', 'Musclerelaxant', 'Oralcontraceptive', 'Osteoporosis', 'Sedative', 'Selectivenorepinephrinereuptakeinhibitor', 'Steroid', 'Steroidalprogestin', 'Syntheticthyroidhormone', 'Tumornecrosisfactorinhibitor', 'Vasodilator', 'Wakefulnesspromotingagent', 'Xanthineoxidaseinhibitor', 'Breathlessness', 'Bronchitis', 'Bursitis', 'Conjunctivitis', 'Epilepsy', 'Essential tremor', 'Fatty liver', 'Gastritis', 'Glaucoma', 'Gout', 'Hiatus hernia', 'Hypertriglyceridemia', 'Hyperuricemia', 'Inflammation of the tibial nerve', 'Keratoconus', 'Kidney failure', 'Lumbar tumor', 'Lymphedema of the lower members', 'Migraine', 'Poliomyelitis', 'Prostate disease', 'Prostatitis', 'Rheumatism', 'Stroke', 'Varicose veins of the legs', 'Arrhythmia', 'Depression', 'Hashimoto disease', 'Heel spurs', 'Hepatitis B', 'Intestine disorder', 'Melanoma', ""Parkinson's disease"", 'Prostatic hyperplasia', 'Thalassemia minor', 'Heart disease_total', 'Osteopenia_total', 'Tendinitis_total', 'Herniated lumbar disc_total', 'Hypercholesterolemia_total', 'Allergy_total', 'Anxiety_total', 'Asthma_total', 'Diabetes mellitus_total', 'Hyperthyroidism_total', 'Labyrinthitis_total', 'Scoliosis_total', 'Physical_total', 'Visual_total', 'Hearing_total', 'Orthopedic Shoes', 'Boots_total', 'Normal Shoes_total', 'Sandal_FlipFlop_total', 'Internal fixation in the leg', 'Internal fixation in the shoulder', 'Breast implant', 'By pass', 'Internal fixation in the medulla', 'Corrective lens', 'Prosthesis aortic valve', 'Dental_total', 'Internal fixation in the toe_foot_total']",99,124,270,0.13549819588661194,0.6167854070663452,net_3
4,"<bound method Module.parameters of Net(
  (linears): ModuleList(
    (0): Linear(in_features=12, out_features=16, bias=True)
    (1): Linear(in_features=16, out_features=12, bias=True)
    (2): Linear(in_features=12, out_features=8, bias=True)
    (3): Linear(in_features=8, out_features=4, bias=True)
    (4): Linear(in_features=4, out_features=1, bias=True)
    (5): Linear(in_features=1, out_features=1, bias=True)
  )
)>",12,[ 29  32  35  40  47  58  82 105 122 142 143 159],"['Benzodiazepine', 'Bisphosphonate', 'Calciumchannelblocker', 'DOPAdecarboxylaseinhibitor', 'Fluoroquinolone', 'Meglitinide', 'Bronchitis', 'Poliomyelitis', 'Deep vein thrombosis', 'Hypercholesterolemia_total', 'Allergy_total', 'Visual_total']",87,124,264,0.08886218816041946,0.7542223930358887,net_4
5,"<bound method Module.parameters of Net(
  (linears): ModuleList(
    (0): Linear(in_features=61, out_features=19, bias=True)
    (1): Linear(in_features=19, out_features=14, bias=True)
    (2): Linear(in_features=14, out_features=10, bias=True)
    (3): Linear(in_features=10, out_features=5, bias=True)
    (4): Linear(in_features=5, out_features=1, bias=True)
    (5): Linear(in_features=1, out_features=1, bias=True)
  )
)>",61,"[  1   5   8   9  11  12  13  14  19  22  30  38  40  41  43  44  46  50
  51  53  55  56  58  60  68  71  73  76  82  83  85  86  91  93  94  97
  99 103 108 109 112 116 119 120 122 124 126 129 135 137 139 146 152 156
 159 160 161 170 172 173 174]","['AgeGroup', 'BMI', 'Illness', 'Nmedication', 'Disability', 'Falls12m', '5alphareductaseinhibitor', 'Alphablocker', 'Antibiotic', 'Antihistamine', 'Betablocker', 'Conjugatedestrogen', 'DOPAdecarboxylaseinhibitor', 'Diabetesmellitus', 'Diuretic', 'Dopamineagonist', 'Essentialaminoacid', 'Herbalsupplement', 'Homeopathic', 'Hypertension', 'Kinaseinhibitor', 'Kneecartilagereplacement', 'Meglitinide', 'Nonsteroidalantiinflammatory', 'Salicylate', 'Selectiveserotoninreuptakeinhibitor', 'Steroidalprogestin', 'Tumornecrosisfactorinhibitor', 'Bronchitis', 'Bursitis', 'Dermatitis', 'Epilepsy', 'Gastroesophageal reflux', 'Gout', 'Hiatus hernia', 'Inflammation of the tibial nerve', 'Kidney failure', 'Lymphedema of the lower members', 'Prostate disease', 'Prostatitis', 'Sinusitis', 'Stroke', 'Anemia', 'Arrhythmia', 'Deep vein thrombosis', 'Endometriosis', 'Heel spurs', 'Melanoma', 'Vasovagal syncope', 'Heart disease_total', 'Tendinitis_total', 'Chodromalacia of the knees_total', 'Hypothyroidism_total', 'Scoliosis_total', 'Visual_total', 'Hearing_total', 'Orthopedic Shoes', 'By pass', 'Corrective lens', 'PaceMaker', 'Internal fixation in the medulla']",16,124,264,0.08886795490980148,0.7154896855354309,net_5
6,"<bound method Module.parameters of Net(
  (linears): ModuleList(
    (0): Linear(in_features=100, out_features=16, bias=True)
    (1): Linear(in_features=16, out_features=13, bias=True)
    (2): Linear(in_features=13, out_features=10, bias=True)
    (3): Linear(in_features=10, out_features=7, bias=True)
    (4): Linear(in_features=7, out_features=4, bias=True)
    (5): Linear(in_features=4, out_features=1, bias=True)
    (6): Linear(in_features=1, out_features=1, bias=True)
  )
)>",100,"[  1   2   4   5   6   7   8   9  10  12  15  16  17  20  21  23  24  25
  26  27  29  31  32  33  37  40  41  43  46  50  51  52  54  55  57  58
  61  62  64  65  66  67  68  69  71  73  74  77  78  79  82  83  85  87
  89  91  92  95  96  97  98  99 101 104 106 107 108 110 114 119 122 123
 124 127 129 132 133 134 137 138 139 142 143 146 149 150 153 154 158 159
 161 162 163 164 165 167 173 176 177 179]","['AgeGroup', 'Gender', 'Weight', 'BMI', 'FootLen', 'Ystudy', 'Illness', 'Nmedication', 'Ortho-Prosthesis', 'Falls12m', 'Analgesic', 'AngiotensinIIreceptorantagonist', 'Angiotensinconvertingenzymeinhibitor', 'Anticholinergic', 'Anticonvulsant', 'Antiinflammatory', 'Antimalarial', 'Antimuscarinic', 'Antipyretic', 'Antithyroid', 'Benzodiazepine', 'Biguanide', 'Bisphosphonate', 'Bloodcirculation', 'Cholinesteraseinhibitor', 'DOPAdecarboxylaseinhibitor', 'Diabetesmellitus', 'Diuretic', 'Essentialaminoacid', 'Herbalsupplement', 'Homeopathic', 'Hypercholesterolemia', 'Insulin', 'Kinaseinhibitor', 'Longactingbetaagonist', 'Meglitinide', 'Nucleosidereversetranscriptaseinhibitor', 'Oralcontraceptive', 'Phenothiazine', 'Phytotherapy', 'Protonpumpinhibitor', 'Retinoid', 'Salicylate', 'Sedative', 'Selectiveserotoninreuptakeinhibitor', 'Steroidalprogestin', 'Sulfonylurea', 'Vasodilator', 'Wakefulnesspromotingagent', 'Xanthineoxidaseinhibitor', 'Bronchitis', 'Bursitis', 'Dermatitis', 'Esophagitis', 'Fatty liver', 'Gastroesophageal reflux', 'Glaucoma', 'Hypertriglyceridemia', 'Hyperuricemia', 'Inflammation of the tibial nerve', 'Keratoconus', 'Kidney failure', 'Ligament problems', 'Migraine', 'Polycystic kidney disease', 'Progressive breast cancer', 'Prostate disease', 'Rheumatism', 'Skin disease', 'Anemia', 'Deep vein thrombosis', 'Depression', 'Endometriosis', 'Hepatitis B', 'Melanoma', ""Sjogren's syndrome"", 'Thalassemia minor', 'Urinary tract infection', 'Heart disease_total', 'Osteopenia_total', 'Tendinitis_total', 'Hypercholesterolemia_total', 'Allergy_total', 'Chodromalacia of the knees_total', 'Hypertension_total', 'Hyperthyroidism_total', 'Labyrinthitis_total', 'Osteoporosis_total', 'Physical_total', 'Visual_total', 'Orthopedic Shoes', 'Boots_total', 'Shoes with silicone insole_total', 'Normal Shoes_total', 'Sandal_FlipFlop_total', 'Internal fixation in the leg', 'PaceMaker', 'Corrective lens', 'Prosthesis aortic valve', 'Support_total']",88,124,270,0.08364161103963852,0.8126957416534424,net_6
7,"<bound method Module.parameters of Net(
  (linears): ModuleList(
    (0): Linear(in_features=50, out_features=19, bias=True)
    (1): Linear(in_features=19, out_features=15, bias=True)
    (2): Linear(in_features=15, out_features=11, bias=True)
    (3): Linear(in_features=11, out_features=8, bias=True)
    (4): Linear(in_features=8, out_features=4, bias=True)
    (5): Linear(in_features=4, out_features=1, bias=True)
    (6): Linear(in_features=1, out_features=1, bias=True)
  )
)>",50,"[  0   1   2  10  14  15  17  18  23  28  38  42  45  52  53  54  58  61
  70  74  79  83  87  89  92  97 103 114 117 121 122 127 128 129 132 141
 142 151 153 155 156 158 159 160 161 163 165 169 170 173]","['Age', 'AgeGroup', 'Gender', 'Ortho-Prosthesis', 'Alphablocker', 'Analgesic', 'Angiotensinconvertingenzymeinhibitor', 'Antiarrhythmic', 'Antiinflammatory', 'Antivertigo', 'Conjugatedestrogen', 'Dipeptidylpeptidase4inhibitor', 'Dopamineantagonist', 'Hypercholesterolemia', 'Hypertension', 'Insulin', 'Meglitinide', 'Nucleosidereversetranscriptaseinhibitor', 'Selectivenorepinephrinereuptakeinhibitor', 'Sulfonylurea', 'Xanthineoxidaseinhibitor', 'Bursitis', 'Esophagitis', 'Fatty liver', 'Glaucoma', 'Inflammation of the tibial nerve', 'Lymphedema of the lower members', 'Skin disease', 'Varicose veins of the legs', 'Ascending colon cancer', 'Deep vein thrombosis', 'Hepatitis B', 'Intestine disorder', 'Melanoma', ""Sjogren's syndrome"", 'Herniated lumbar disc_total', 'Hypercholesterolemia_total', 'Hypoglycemia_total', 'Labyrinthitis_total', 'Rhinitis_total', 'Scoliosis_total', 'Physical_total', 'Visual_total', 'Hearing_total', 'Orthopedic Shoes', 'Shoes with silicone insole_total', 'Sandal_FlipFlop_total', 'Breast implant', 'By pass', 'PaceMaker']",3,124,288,0.07553402334451675,0.7876536250114441,net_7
8,"<bound method Module.parameters of Net(
  (linears): ModuleList(
    (0): Linear(in_features=51, out_features=6, bias=True)
    (1): Linear(in_features=6, out_features=4, bias=True)
    (2): Linear(in_features=4, out_features=2, bias=True)
    (3): Linear(in_features=2, out_features=1, bias=True)
    (4): Linear(in_features=1, out_features=1, bias=True)
  )
)>",51,"[  0   4   8   9  15  24  26  38  44  45  47  50  56  57  58  65  66  68
  69  79  85  86  89  93  96 103 111 112 115 120 121 122 127 129 130 132
 138 139 141 144 147 152 154 162 165 168 171 176 178 179 180]","['Age', 'Weight', 'Illness', 'Nmedication', 'Analgesic', 'Antimalarial', 'Antipyretic', 'Conjugatedestrogen', 'Dopamineagonist', 'Dopamineantagonist', 'Fluoroquinolone', 'Herbalsupplement', 'Kneecartilagereplacement', 'Longactingbetaagonist', 'Meglitinide', 'Phytotherapy', 'Protonpumpinhibitor', 'Salicylate', 'Sedative', 'Xanthineoxidaseinhibitor', 'Dermatitis', 'Epilepsy', 'Fatty liver', 'Gout', 'Hyperuricemia', 'Lymphedema of the lower members', 'Sickle cell anemia', 'Sinusitis', 'Spine problem', 'Arrhythmia', 'Ascending colon cancer', 'Deep vein thrombosis', 'Hepatitis B', 'Melanoma', ""Parkinson's disease"", ""Sjogren's syndrome"", 'Osteopenia_total', 'Tendinitis_total', 'Herniated lumbar disc_total', 'Anxiety_total', 'Diabetes mellitus_total', 'Hypothyroidism_total', 'Osteoporosis_total', 'Boots_total', 'Sandal_FlipFlop_total', 'Internal fixation in the shoulder', 'Clips in the vesicle', 'Corrective lens', 'Dental_total', 'Support_total', 'Hearing_total']",38,124,268,0.12256450206041336,0.6805973052978516,net_8
9,"<bound method Module.parameters of Net(
  (linears): ModuleList(
    (0): Linear(in_features=152, out_features=11, bias=True)
    (1): Linear(in_features=11, out_features=8, bias=True)
    (2): Linear(in_features=8, out_features=6, bias=True)
    (3): Linear(in_features=6, out_features=3, bias=True)
    (4): Linear(in_features=3, out_features=1, bias=True)
    (5): Linear(in_features=1, out_features=1, bias=True)
  )
)>",152,"[  1   2   3   4   5   6   7   8   9  10  11  12  14  15  16  17  18  19
  20  21  24  25  26  27  28  29  30  32  33  36  37  38  39  40  42  44
  45  46  47  48  49  50  51  52  53  54  55  56  57  58  60  61  62  63
  64  65  66  67  68  69  70  71  73  74  75  76  77  78  79  81  83  84
  85  86  87  88  89  90  93  94  96  97  98  99 101 102 103 105 106 107
 109 111 112 114 115 116 117 118 119 120 122 124 125 126 127 128 129 130
 132 133 134 135 136 137 138 139 140 141 142 143 144 146 147 148 149 150
 151 152 154 155 156 157 159 160 161 162 163 164 165 167 168 169 170 171
 172 173 174 176 177 179 180 181]","['AgeGroup', 'Gender', 'Height', 'Weight', 'BMI', 'FootLen', 'Ystudy', 'Illness', 'Nmedication', 'Ortho-Prosthesis', 'Disability', 'Falls12m', 'Alphablocker', 'Analgesic', 'AngiotensinIIreceptorantagonist', 'Angiotensinconvertingenzymeinhibitor', 'Antiarrhythmic', 'Antibiotic', 'Anticholinergic', 'Anticonvulsant', 'Antimalarial', 'Antimuscarinic', 'Antipyretic', 'Antithyroid', 'Antivertigo', 'Benzodiazepine', 'Betablocker', 'Bisphosphonate', 'Bloodcirculation', 'Centralnervoussystemagent', 'Cholinesteraseinhibitor', 'Conjugatedestrogen', 'Corticosteroid', 'DOPAdecarboxylaseinhibitor', 'Dipeptidylpeptidase4inhibitor', 'Dopamineagonist', 'Dopamineantagonist', 'Essentialaminoacid', 'Fluoroquinolone', 'HMGCoAreductaseinhibitor', 'Hblocker', 'Herbalsupplement', 'Homeopathic', 'Hypercholesterolemia', 'Hypertension', 'Insulin', 'Kinaseinhibitor', 'Kneecartilagereplacement', 'Longactingbetaagonist', 'Meglitinide', 'Nonsteroidalantiinflammatory', 'Nucleosidereversetranscriptaseinhibitor', 'Oralcontraceptive', 'Osteoporosis', 'Phenothiazine', 'Phytotherapy', 'Protonpumpinhibitor', 'Retinoid', 'Salicylate', 'Sedative', 'Selectivenorepinephrinereuptakeinhibitor', 'Selectiveserotoninreuptakeinhibitor', 'Steroidalprogestin', 'Sulfonylurea', 'Syntheticthyroidhormone', 'Tumornecrosisfactorinhibitor', 'Vasodilator', 'Wakefulnesspromotingagent', 'Xanthineoxidaseinhibitor', 'Breathlessness', 'Bursitis', 'Conjunctivitis', 'Dermatitis', 'Epilepsy', 'Esophagitis', 'Essential tremor', 'Fatty liver', 'Gastritis', 'Gout', 'Hiatus hernia', 'Hyperuricemia', 'Inflammation of the tibial nerve', 'Keratoconus', 'Kidney failure', 'Ligament problems', 'Lumbar tumor', 'Lymphedema of the lower members', 'Poliomyelitis', 'Polycystic kidney disease', 'Progressive breast cancer', 'Prostatitis', 'Sickle cell anemia', 'Sinusitis', 'Skin disease', 'Spine problem', 'Stroke', 'Varicose veins of the legs', 'Vascular leakage of the eyes', 'Anemia', 'Arrhythmia', 'Deep vein thrombosis', 'Endometriosis', 'Hashimoto disease', 'Heel spurs', 'Hepatitis B', 'Intestine disorder', 'Melanoma', ""Parkinson's disease"", ""Sjogren's syndrome"", 'Thalassemia minor', 'Urinary tract infection', 'Vasovagal syncope', 'Vitiligo', 'Heart disease_total', 'Osteopenia_total', 'Tendinitis_total', 'Arthrosis_total', 'Herniated lumbar disc_total', 'Hypercholesterolemia_total', 'Allergy_total', 'Anxiety_total', 'Chodromalacia of the knees_total', 'Diabetes mellitus_total', 'Fibromyalgia_total', 'Hypertension_total', 'Hyperthyroidism_total', 'Hypoglycemia_total', 'Hypothyroidism_total', 'Osteoporosis_total', 'Rhinitis_total', 'Scoliosis_total', 'Intellectual', 'Visual_total', 'Hearing_total', 'Orthopedic Shoes', 'Boots_total', 'Shoes with silicone insole_total', 'Normal Shoes_total', 'Sandal_FlipFlop_total', 'Internal fixation in the leg', 'Internal fixation in the shoulder', 'Breast implant', 'By pass', 'Clips in the vesicle', 'Corrective lens', 'PaceMaker', 'Internal fixation in the medulla', 'Corrective lens', 'Prosthesis aortic valve', 'Support_total', 'Hearing_total', 'Internal fixation in the toe_foot_total']",83,124,290,0.10350858420133591,0.598563015460968,net_9
10,"<bound method Module.parameters of Net(
  (linears): ModuleList(
    (0): Linear(in_features=178, out_features=2, bias=True)
    (1): Linear(in_features=2, out_features=1, bias=True)
    (2): Linear(in_features=1, out_features=1, bias=True)
  )
)>",178,"[  0   1   2   3   4   5   6   7   8   9  10  11  12  13  14  15  16  17
  18  19  20  21  22  23  24  25  26  27  28  29  30  31  32  33  34  36
  37  38  39  40  41  42  43  44  45  46  47  48  49  50  51  52  53  54
  55  56  57  58  59  60  61  62  63  64  65  66  67  68  69  70  71  72
  73  74  75  76  77  78  79  80  81  83  84  85  86  87  88  89  90  91
  92  93  94  95  96  97  98  99 100 101 102 103 104 105 106 107 108 109
 110 111 112 113 114 115 116 117 118 119 120 121 122 123 124 125 127 128
 129 130 131 132 133 134 135 136 137 138 139 140 141 142 143 144 145 146
 147 148 149 150 151 152 154 155 156 157 158 159 160 161 162 163 164 165
 166 167 168 169 170 171 172 173 174 175 176 177 178 179 180 181]","['Age', 'AgeGroup', 'Gender', 'Height', 'Weight', 'BMI', 'FootLen', 'Ystudy', 'Illness', 'Nmedication', 'Ortho-Prosthesis', 'Disability', 'Falls12m', '5alphareductaseinhibitor', 'Alphablocker', 'Analgesic', 'AngiotensinIIreceptorantagonist', 'Angiotensinconvertingenzymeinhibitor', 'Antiarrhythmic', 'Antibiotic', 'Anticholinergic', 'Anticonvulsant', 'Antihistamine', 'Antiinflammatory', 'Antimalarial', 'Antimuscarinic', 'Antipyretic', 'Antithyroid', 'Antivertigo', 'Benzodiazepine', 'Betablocker', 'Biguanide', 'Bisphosphonate', 'Bloodcirculation', 'Bronchodilator', 'Centralnervoussystemagent', 'Cholinesteraseinhibitor', 'Conjugatedestrogen', 'Corticosteroid', 'DOPAdecarboxylaseinhibitor', 'Diabetesmellitus', 'Dipeptidylpeptidase4inhibitor', 'Diuretic', 'Dopamineagonist', 'Dopamineantagonist', 'Essentialaminoacid', 'Fluoroquinolone', 'HMGCoAreductaseinhibitor', 'Hblocker', 'Herbalsupplement', 'Homeopathic', 'Hypercholesterolemia', 'Hypertension', 'Insulin', 'Kinaseinhibitor', 'Kneecartilagereplacement', 'Longactingbetaagonist', 'Meglitinide', 'Musclerelaxant', 'Nonsteroidalantiinflammatory', 'Nucleosidereversetranscriptaseinhibitor', 'Oralcontraceptive', 'Osteoporosis', 'Phenothiazine', 'Phytotherapy', 'Protonpumpinhibitor', 'Retinoid', 'Salicylate', 'Sedative', 'Selectivenorepinephrinereuptakeinhibitor', 'Selectiveserotoninreuptakeinhibitor', 'Steroid', 'Steroidalprogestin', 'Sulfonylurea', 'Syntheticthyroidhormone', 'Tumornecrosisfactorinhibitor', 'Vasodilator', 'Wakefulnesspromotingagent', 'Xanthineoxidaseinhibitor', 'Arthritis', 'Breathlessness', 'Bursitis', 'Conjunctivitis', 'Dermatitis', 'Epilepsy', 'Esophagitis', 'Essential tremor', 'Fatty liver', 'Gastritis', 'Gastroesophageal reflux', 'Glaucoma', 'Gout', 'Hiatus hernia', 'Hypertriglyceridemia', 'Hyperuricemia', 'Inflammation of the tibial nerve', 'Keratoconus', 'Kidney failure', 'Kidney stones', 'Ligament problems', 'Lumbar tumor', 'Lymphedema of the lower members', 'Migraine', 'Poliomyelitis', 'Polycystic kidney disease', 'Progressive breast cancer', 'Prostate disease', 'Prostatitis', 'Rheumatism', 'Sickle cell anemia', 'Sinusitis', 'Skin cancer', 'Skin disease', 'Spine problem', 'Stroke', 'Varicose veins of the legs', 'Vascular leakage of the eyes', 'Anemia', 'Arrhythmia', 'Ascending colon cancer', 'Deep vein thrombosis', 'Depression', 'Endometriosis', 'Hashimoto disease', 'Hepatitis B', 'Intestine disorder', 'Melanoma', ""Parkinson's disease"", 'Prostatic hyperplasia', ""Sjogren's syndrome"", 'Thalassemia minor', 'Urinary tract infection', 'Vasovagal syncope', 'Vitiligo', 'Heart disease_total', 'Osteopenia_total', 'Tendinitis_total', 'Arthrosis_total', 'Herniated lumbar disc_total', 'Hypercholesterolemia_total', 'Allergy_total', 'Anxiety_total', 'Asthma_total', 'Chodromalacia of the knees_total', 'Diabetes mellitus_total', 'Fibromyalgia_total', 'Hypertension_total', 'Hyperthyroidism_total', 'Hypoglycemia_total', 'Hypothyroidism_total', 'Osteoporosis_total', 'Rhinitis_total', 'Scoliosis_total', 'Intellectual', 'Physical_total', 'Visual_total', 'Hearing_total', 'Orthopedic Shoes', 'Boots_total', 'Shoes with silicone insole_total', 'Normal Shoes_total', 'Sandal_FlipFlop_total', 'Internal fixation in the thigh', 'Internal fixation in the leg', 'Internal fixation in the shoulder', 'Breast implant', 'By pass', 'Clips in the vesicle', 'Corrective lens', 'PaceMaker', 'Internal fixation in the medulla', 'Internal fixation in the knee', 'Corrective lens', 'Prosthesis aortic valve', 'Dental_total', 'Support_total', 'Hearing_total', 'Internal fixation in the toe_foot_total']",93,124,276,0.26473334431648254,0.6017925143241882,net_10
11,"<bound method Module.parameters of Net(
  (linears): ModuleList(
    (0): Linear(in_features=10, out_features=1, bias=True)
    (1): Linear(in_features=1, out_features=1, bias=True)
    (2): Linear(in_features=1, out_features=1, bias=True)
    (3): Linear(in_features=1, out_features=1, bias=True)
    (4): Linear(in_features=1, out_features=1, bias=True)
  )
)>",10,[ 24  27  35  48  49  51  58  94 116 176],"['Antimalarial', 'Antithyroid', 'Calciumchannelblocker', 'HMGCoAreductaseinhibitor', 'Hblocker', 'Homeopathic', 'Meglitinide', 'Hiatus hernia', 'Stroke', 'Corrective lens']",31,124,276,0.06829268485307693,0.793428897857666,net_11
12,"<bound method Module.parameters of Net(
  (linears): ModuleList(
    (0): Linear(in_features=168, out_features=4, bias=True)
    (1): Linear(in_features=4, out_features=3, bias=True)
    (2): Linear(in_features=3, out_features=3, bias=True)
    (3): Linear(in_features=3, out_features=2, bias=True)
    (4): Linear(in_features=2, out_features=2, bias=True)
    (5): Linear(in_features=2, out_features=1, bias=True)
    (6): Linear(in_features=1, out_features=1, bias=True)
    (7): Linear(in_features=1, out_features=1, bias=True)
    (8): Linear(in_features=1, out_features=1, bias=True)
  )
)>",168,"[  0   1   2   3   4   5   6   7   8   9  10  11  12  13  14  15  16  17
  18  20  21  22  23  24  25  26  27  28  29  30  31  32  33  34  35  36
  37  38  39  40  41  42  43  44  45  46  47  49  50  52  54  55  56  57
  58  60  61  62  63  64  65  66  67  68  70  71  72  74  75  76  77  78
  79  80  81  82  83  84  85  86  87  88  89  90  91  92  93  94  96  97
  98  99 100 101 102 103 104 105 106 107 109 110 111 112 113 114 115 116
 117 118 119 120 121 123 124 125 128 129 130 131 132 133 134 135 136 138
 139 140 141 142 143 144 145 146 147 148 149 150 151 152 154 155 156 157
 158 159 160 161 162 163 164 165 166 167 168 169 170 171 172 173 174 175
 176 177 178 179 180 181]","['Age', 'AgeGroup', 'Gender', 'Height', 'Weight', 'BMI', 'FootLen', 'Ystudy', 'Illness', 'Nmedication', 'Ortho-Prosthesis', 'Disability', 'Falls12m', '5alphareductaseinhibitor', 'Alphablocker', 'Analgesic', 'AngiotensinIIreceptorantagonist', 'Angiotensinconvertingenzymeinhibitor', 'Antiarrhythmic', 'Anticholinergic', 'Anticonvulsant', 'Antihistamine', 'Antiinflammatory', 'Antimalarial', 'Antimuscarinic', 'Antipyretic', 'Antithyroid', 'Antivertigo', 'Benzodiazepine', 'Betablocker', 'Biguanide', 'Bisphosphonate', 'Bloodcirculation', 'Bronchodilator', 'Calciumchannelblocker', 'Centralnervoussystemagent', 'Cholinesteraseinhibitor', 'Conjugatedestrogen', 'Corticosteroid', 'DOPAdecarboxylaseinhibitor', 'Diabetesmellitus', 'Dipeptidylpeptidase4inhibitor', 'Diuretic', 'Dopamineagonist', 'Dopamineantagonist', 'Essentialaminoacid', 'Fluoroquinolone', 'Hblocker', 'Herbalsupplement', 'Hypercholesterolemia', 'Insulin', 'Kinaseinhibitor', 'Kneecartilagereplacement', 'Longactingbetaagonist', 'Meglitinide', 'Nonsteroidalantiinflammatory', 'Nucleosidereversetranscriptaseinhibitor', 'Oralcontraceptive', 'Osteoporosis', 'Phenothiazine', 'Phytotherapy', 'Protonpumpinhibitor', 'Retinoid', 'Salicylate', 'Selectivenorepinephrinereuptakeinhibitor', 'Selectiveserotoninreuptakeinhibitor', 'Steroid', 'Sulfonylurea', 'Syntheticthyroidhormone', 'Tumornecrosisfactorinhibitor', 'Vasodilator', 'Wakefulnesspromotingagent', 'Xanthineoxidaseinhibitor', 'Arthritis', 'Breathlessness', 'Bronchitis', 'Bursitis', 'Conjunctivitis', 'Dermatitis', 'Epilepsy', 'Esophagitis', 'Essential tremor', 'Fatty liver', 'Gastritis', 'Gastroesophageal reflux', 'Glaucoma', 'Gout', 'Hiatus hernia', 'Hyperuricemia', 'Inflammation of the tibial nerve', 'Keratoconus', 'Kidney failure', 'Kidney stones', 'Ligament problems', 'Lumbar tumor', 'Lymphedema of the lower members', 'Migraine', 'Poliomyelitis', 'Polycystic kidney disease', 'Progressive breast cancer', 'Prostatitis', 'Rheumatism', 'Sickle cell anemia', 'Sinusitis', 'Skin cancer', 'Skin disease', 'Spine problem', 'Stroke', 'Varicose veins of the legs', 'Vascular leakage of the eyes', 'Anemia', 'Arrhythmia', 'Ascending colon cancer', 'Depression', 'Endometriosis', 'Hashimoto disease', 'Intestine disorder', 'Melanoma', ""Parkinson's disease"", 'Prostatic hyperplasia', ""Sjogren's syndrome"", 'Thalassemia minor', 'Urinary tract infection', 'Vasovagal syncope', 'Vitiligo', 'Osteopenia_total', 'Tendinitis_total', 'Arthrosis_total', 'Herniated lumbar disc_total', 'Hypercholesterolemia_total', 'Allergy_total', 'Anxiety_total', 'Asthma_total', 'Chodromalacia of the knees_total', 'Diabetes mellitus_total', 'Fibromyalgia_total', 'Hypertension_total', 'Hyperthyroidism_total', 'Hypoglycemia_total', 'Hypothyroidism_total', 'Osteoporosis_total', 'Rhinitis_total', 'Scoliosis_total', 'Intellectual', 'Physical_total', 'Visual_total', 'Hearing_total', 'Orthopedic Shoes', 'Boots_total', 'Shoes with silicone insole_total', 'Normal Shoes_total', 'Sandal_FlipFlop_total', 'Internal fixation in the thigh', 'Internal fixation in the leg', 'Internal fixation in the shoulder', 'Breast implant', 'By pass', 'Clips in the vesicle', 'Corrective lens', 'PaceMaker', 'Internal fixation in the medulla', 'Internal fixation in the knee', 'Corrective lens', 'Prosthesis aortic valve', 'Dental_total', 'Support_total', 'Hearing_total', 'Internal fixation in the toe_foot_total']",78,124,256,0.1351882517337799,0.5002395510673523,net_12
13,"<bound method Module.parameters of Net(
  (linears): ModuleList(
    (0): Linear(in_features=175, out_features=1, bias=True)
    (1): Linear(in_features=1, out_features=1, bias=True)
    (2): Linear(in_features=1, out_features=1, bias=True)
    (3): Linear(in_features=1, out_features=1, bias=True)
    (4): Linear(in_features=1, out_features=1, bias=True)
    (5): Linear(in_features=1, out_features=1, bias=True)
  )
)>",175,"[  0   1   3   4   5   6   7   8   9  10  11  12  13  14  15  16  17  18
  19  20  21  22  23  24  26  27  29  30  31  32  33  34  35  36  37  38
  39  40  41  42  43  44  45  46  47  48  49  50  51  53  54  55  56  57
  58  59  60  61  62  63  64  65  66  67  68  69  70  71  72  73  74  75
  76  77  78  79  80  81  82  83  85  86  87  88  89  90  91  92  93  94
  95  96  97  98  99 100 101 102 103 104 105 106 107 108 109 110 111 112
 113 114 115 116 117 118 119 120 121 122 123 124 125 126 127 128 129 130
 131 132 133 134 135 136 137 139 140 141 142 143 144 145 146 147 148 149
 150 151 152 153 154 156 157 158 159 160 161 162 163 164 165 166 167 168
 169 170 171 172 173 174 175 176 177 178 179 180 181]","['Age', 'AgeGroup', 'Height', 'Weight', 'BMI', 'FootLen', 'Ystudy', 'Illness', 'Nmedication', 'Ortho-Prosthesis', 'Disability', 'Falls12m', '5alphareductaseinhibitor', 'Alphablocker', 'Analgesic', 'AngiotensinIIreceptorantagonist', 'Angiotensinconvertingenzymeinhibitor', 'Antiarrhythmic', 'Antibiotic', 'Anticholinergic', 'Anticonvulsant', 'Antihistamine', 'Antiinflammatory', 'Antimalarial', 'Antipyretic', 'Antithyroid', 'Benzodiazepine', 'Betablocker', 'Biguanide', 'Bisphosphonate', 'Bloodcirculation', 'Bronchodilator', 'Calciumchannelblocker', 'Centralnervoussystemagent', 'Cholinesteraseinhibitor', 'Conjugatedestrogen', 'Corticosteroid', 'DOPAdecarboxylaseinhibitor', 'Diabetesmellitus', 'Dipeptidylpeptidase4inhibitor', 'Diuretic', 'Dopamineagonist', 'Dopamineantagonist', 'Essentialaminoacid', 'Fluoroquinolone', 'HMGCoAreductaseinhibitor', 'Hblocker', 'Herbalsupplement', 'Homeopathic', 'Hypertension', 'Insulin', 'Kinaseinhibitor', 'Kneecartilagereplacement', 'Longactingbetaagonist', 'Meglitinide', 'Musclerelaxant', 'Nonsteroidalantiinflammatory', 'Nucleosidereversetranscriptaseinhibitor', 'Oralcontraceptive', 'Osteoporosis', 'Phenothiazine', 'Phytotherapy', 'Protonpumpinhibitor', 'Retinoid', 'Salicylate', 'Sedative', 'Selectivenorepinephrinereuptakeinhibitor', 'Selectiveserotoninreuptakeinhibitor', 'Steroid', 'Steroidalprogestin', 'Sulfonylurea', 'Syntheticthyroidhormone', 'Tumornecrosisfactorinhibitor', 'Vasodilator', 'Wakefulnesspromotingagent', 'Xanthineoxidaseinhibitor', 'Arthritis', 'Breathlessness', 'Bronchitis', 'Bursitis', 'Dermatitis', 'Epilepsy', 'Esophagitis', 'Essential tremor', 'Fatty liver', 'Gastritis', 'Gastroesophageal reflux', 'Glaucoma', 'Gout', 'Hiatus hernia', 'Hypertriglyceridemia', 'Hyperuricemia', 'Inflammation of the tibial nerve', 'Keratoconus', 'Kidney failure', 'Kidney stones', 'Ligament problems', 'Lumbar tumor', 'Lymphedema of the lower members', 'Migraine', 'Poliomyelitis', 'Polycystic kidney disease', 'Progressive breast cancer', 'Prostate disease', 'Prostatitis', 'Rheumatism', 'Sickle cell anemia', 'Sinusitis', 'Skin cancer', 'Skin disease', 'Spine problem', 'Stroke', 'Varicose veins of the legs', 'Vascular leakage of the eyes', 'Anemia', 'Arrhythmia', 'Ascending colon cancer', 'Deep vein thrombosis', 'Depression', 'Endometriosis', 'Hashimoto disease', 'Heel spurs', 'Hepatitis B', 'Intestine disorder', 'Melanoma', ""Parkinson's disease"", 'Prostatic hyperplasia', ""Sjogren's syndrome"", 'Thalassemia minor', 'Urinary tract infection', 'Vasovagal syncope', 'Vitiligo', 'Heart disease_total', 'Tendinitis_total', 'Arthrosis_total', 'Herniated lumbar disc_total', 'Hypercholesterolemia_total', 'Allergy_total', 'Anxiety_total', 'Asthma_total', 'Chodromalacia of the knees_total', 'Diabetes mellitus_total', 'Fibromyalgia_total', 'Hypertension_total', 'Hyperthyroidism_total', 'Hypoglycemia_total', 'Hypothyroidism_total', 'Labyrinthitis_total', 'Osteoporosis_total', 'Scoliosis_total', 'Intellectual', 'Physical_total', 'Visual_total', 'Hearing_total', 'Orthopedic Shoes', 'Boots_total', 'Shoes with silicone insole_total', 'Normal Shoes_total', 'Sandal_FlipFlop_total', 'Internal fixation in the thigh', 'Internal fixation in the leg', 'Internal fixation in the shoulder', 'Breast implant', 'By pass', 'Clips in the vesicle', 'Corrective lens', 'PaceMaker', 'Internal fixation in the medulla', 'Internal fixation in the knee', 'Corrective lens', 'Prosthesis aortic valve', 'Dental_total', 'Support_total', 'Hearing_total', 'Internal fixation in the toe_foot_total']",43,124,258,0.08379340916872025,0.6785709857940674,net_13
14,"<bound method Module.parameters of Net(
  (linears): ModuleList(
    (0): Linear(in_features=78, out_features=7, bias=True)
    (1): Linear(in_features=7, out_features=5, bias=True)
    (2): Linear(in_features=5, out_features=4, bias=True)
    (3): Linear(in_features=4, out_features=2, bias=True)
    (4): Linear(in_features=2, out_features=1, bias=True)
    (5): Linear(in_features=1, out_features=1, bias=True)
  )
)>",78,"[  5   8  11  12  13  14  16  19  21  22  23  27  29  30  31  32  37  38
  39  41  44  46  48  50  51  54  55  56  58  59  61  62  63  65  67  69
  75  80  81  82  83  84  85  86  94 101 103 107 108 112 114 115 117 120
 121 123 124 125 126 130 135 136 137 140 142 143 146 149 153 155 156 158
 161 163 170 171 173 176]","['BMI', 'Illness', 'Disability', 'Falls12m', '5alphareductaseinhibitor', 'Alphablocker', 'AngiotensinIIreceptorantagonist', 'Antibiotic', 'Anticonvulsant', 'Antihistamine', 'Antiinflammatory', 'Antithyroid', 'Benzodiazepine', 'Betablocker', 'Biguanide', 'Bisphosphonate', 'Cholinesteraseinhibitor', 'Conjugatedestrogen', 'Corticosteroid', 'Diabetesmellitus', 'Dopamineagonist', 'Essentialaminoacid', 'HMGCoAreductaseinhibitor', 'Herbalsupplement', 'Homeopathic', 'Insulin', 'Kinaseinhibitor', 'Kneecartilagereplacement', 'Meglitinide', 'Musclerelaxant', 'Nucleosidereversetranscriptaseinhibitor', 'Oralcontraceptive', 'Osteoporosis', 'Phytotherapy', 'Retinoid', 'Sedative', 'Syntheticthyroidhormone', 'Arthritis', 'Breathlessness', 'Bronchitis', 'Bursitis', 'Conjunctivitis', 'Dermatitis', 'Epilepsy', 'Hiatus hernia', 'Ligament problems', 'Lymphedema of the lower members', 'Progressive breast cancer', 'Prostate disease', 'Sinusitis', 'Skin disease', 'Spine problem', 'Varicose veins of the legs', 'Arrhythmia', 'Ascending colon cancer', 'Depression', 'Endometriosis', 'Hashimoto disease', 'Heel spurs', ""Parkinson's disease"", 'Vasovagal syncope', 'Vitiligo', 'Heart disease_total', 'Arthrosis_total', 'Hypercholesterolemia_total', 'Allergy_total', 'Chodromalacia of the knees_total', 'Hypertension_total', 'Labyrinthitis_total', 'Rhinitis_total', 'Scoliosis_total', 'Physical_total', 'Orthopedic Shoes', 'Shoes with silicone insole_total', 'By pass', 'Clips in the vesicle', 'PaceMaker', 'Corrective lens']",18,124,275,0.09045644849538803,0.5963364839553833,net_14
15,"<bound method Module.parameters of Net(
  (linears): ModuleList(
    (0): Linear(in_features=11, out_features=11, bias=True)
    (1): Linear(in_features=11, out_features=7, bias=True)
    (2): Linear(in_features=7, out_features=4, bias=True)
    (3): Linear(in_features=4, out_features=1, bias=True)
    (4): Linear(in_features=1, out_features=1, bias=True)
  )
)>",11,[ 37  57  75  79  83  88  89  98 104 132 180],"['Cholinesteraseinhibitor', 'Longactingbetaagonist', 'Syntheticthyroidhormone', 'Xanthineoxidaseinhibitor', 'Bursitis', 'Essential tremor', 'Fatty liver', 'Keratoconus', 'Migraine', ""Sjogren's syndrome"", 'Hearing_total']",26,124,259,0.08641435205936432,0.7725229859352112,net_15
16,"<bound method Module.parameters of Net(
  (linears): ModuleList(
    (0): Linear(in_features=72, out_features=5, bias=True)
    (1): Linear(in_features=5, out_features=3, bias=True)
    (2): Linear(in_features=3, out_features=2, bias=True)
    (3): Linear(in_features=2, out_features=1, bias=True)
    (4): Linear(in_features=1, out_features=1, bias=True)
  )
)>",72,"[  0   4   5  16  18  20  21  23  24  25  27  28  29  34  37  39  40  48
  49  53  54  55  56  60  61  63  64  68  69  72  73  74  79  81  82  87
  90  92  94  95  96  98  99 101 103 106 109 117 119 122 123 125 126 127
 130 133 135 137 146 147 148 154 157 159 160 164 167 170 171 172 174 179]","['Age', 'Weight', 'BMI', 'AngiotensinIIreceptorantagonist', 'Antiarrhythmic', 'Anticholinergic', 'Anticonvulsant', 'Antiinflammatory', 'Antimalarial', 'Antimuscarinic', 'Antithyroid', 'Antivertigo', 'Benzodiazepine', 'Bronchodilator', 'Cholinesteraseinhibitor', 'Corticosteroid', 'DOPAdecarboxylaseinhibitor', 'HMGCoAreductaseinhibitor', 'Hblocker', 'Hypertension', 'Insulin', 'Kinaseinhibitor', 'Kneecartilagereplacement', 'Nonsteroidalantiinflammatory', 'Nucleosidereversetranscriptaseinhibitor', 'Osteoporosis', 'Phenothiazine', 'Salicylate', 'Sedative', 'Steroid', 'Steroidalprogestin', 'Sulfonylurea', 'Xanthineoxidaseinhibitor', 'Breathlessness', 'Bronchitis', 'Esophagitis', 'Gastritis', 'Glaucoma', 'Hiatus hernia', 'Hypertriglyceridemia', 'Hyperuricemia', 'Keratoconus', 'Kidney failure', 'Ligament problems', 'Lymphedema of the lower members', 'Polycystic kidney disease', 'Prostatitis', 'Varicose veins of the legs', 'Anemia', 'Deep vein thrombosis', 'Depression', 'Hashimoto disease', 'Heel spurs', 'Hepatitis B', ""Parkinson's disease"", 'Thalassemia minor', 'Vasovagal syncope', 'Heart disease_total', 'Chodromalacia of the knees_total', 'Diabetes mellitus_total', 'Fibromyalgia_total', 'Osteoporosis_total', 'Intellectual', 'Visual_total', 'Hearing_total', 'Normal Shoes_total', 'Internal fixation in the leg', 'By pass', 'Clips in the vesicle', 'Corrective lens', 'Internal fixation in the medulla', 'Support_total']",37,124,280,0.09266657382249832,0.7109103798866272,net_16
17,"<bound method Module.parameters of Net(
  (linears): ModuleList(
    (0): Linear(in_features=169, out_features=3, bias=True)
    (1): Linear(in_features=3, out_features=2, bias=True)
    (2): Linear(in_features=2, out_features=2, bias=True)
    (3): Linear(in_features=2, out_features=2, bias=True)
    (4): Linear(in_features=2, out_features=1, bias=True)
    (5): Linear(in_features=1, out_features=1, bias=True)
    (6): Linear(in_features=1, out_features=1, bias=True)
    (7): Linear(in_features=1, out_features=1, bias=True)
    (8): Linear(in_features=1, out_features=1, bias=True)
  )
)>",169,"[  0   1   2   3   4   5   6   8   9  10  11  12  14  15  16  17  18  19
  20  21  22  23  24  25  26  27  28  29  30  31  32  33  34  35  36  37
  38  40  41  42  43  45  46  47  48  49  50  52  53  54  55  56  57  58
  59  60  62  63  64  65  66  67  68  69  70  71  72  73  74  75  76  77
  78  79  80  81  82  83  84  85  86  87  88  89  90  91  92  94  95  96
  97  98  99 100 102 103 104 105 106 107 108 109 110 111 112 113 114 115
 116 117 118 119 120 121 122 123 125 126 127 128 129 130 131 132 133 134
 135 136 137 138 139 140 141 142 143 144 145 146 147 148 149 150 151 153
 154 155 157 158 159 160 161 162 163 166 167 168 169 170 171 172 173 174
 175 176 177 178 179 180 181]","['Age', 'AgeGroup', 'Gender', 'Height', 'Weight', 'BMI', 'FootLen', 'Illness', 'Nmedication', 'Ortho-Prosthesis', 'Disability', 'Falls12m', 'Alphablocker', 'Analgesic', 'AngiotensinIIreceptorantagonist', 'Angiotensinconvertingenzymeinhibitor', 'Antiarrhythmic', 'Antibiotic', 'Anticholinergic', 'Anticonvulsant', 'Antihistamine', 'Antiinflammatory', 'Antimalarial', 'Antimuscarinic', 'Antipyretic', 'Antithyroid', 'Antivertigo', 'Benzodiazepine', 'Betablocker', 'Biguanide', 'Bisphosphonate', 'Bloodcirculation', 'Bronchodilator', 'Calciumchannelblocker', 'Centralnervoussystemagent', 'Cholinesteraseinhibitor', 'Conjugatedestrogen', 'DOPAdecarboxylaseinhibitor', 'Diabetesmellitus', 'Dipeptidylpeptidase4inhibitor', 'Diuretic', 'Dopamineantagonist', 'Essentialaminoacid', 'Fluoroquinolone', 'HMGCoAreductaseinhibitor', 'Hblocker', 'Herbalsupplement', 'Hypercholesterolemia', 'Hypertension', 'Insulin', 'Kinaseinhibitor', 'Kneecartilagereplacement', 'Longactingbetaagonist', 'Meglitinide', 'Musclerelaxant', 'Nonsteroidalantiinflammatory', 'Oralcontraceptive', 'Osteoporosis', 'Phenothiazine', 'Phytotherapy', 'Protonpumpinhibitor', 'Retinoid', 'Salicylate', 'Sedative', 'Selectivenorepinephrinereuptakeinhibitor', 'Selectiveserotoninreuptakeinhibitor', 'Steroid', 'Steroidalprogestin', 'Sulfonylurea', 'Syntheticthyroidhormone', 'Tumornecrosisfactorinhibitor', 'Vasodilator', 'Wakefulnesspromotingagent', 'Xanthineoxidaseinhibitor', 'Arthritis', 'Breathlessness', 'Bronchitis', 'Bursitis', 'Conjunctivitis', 'Dermatitis', 'Epilepsy', 'Esophagitis', 'Essential tremor', 'Fatty liver', 'Gastritis', 'Gastroesophageal reflux', 'Glaucoma', 'Hiatus hernia', 'Hypertriglyceridemia', 'Hyperuricemia', 'Inflammation of the tibial nerve', 'Keratoconus', 'Kidney failure', 'Kidney stones', 'Lumbar tumor', 'Lymphedema of the lower members', 'Migraine', 'Poliomyelitis', 'Polycystic kidney disease', 'Progressive breast cancer', 'Prostate disease', 'Prostatitis', 'Rheumatism', 'Sickle cell anemia', 'Sinusitis', 'Skin cancer', 'Skin disease', 'Spine problem', 'Stroke', 'Varicose veins of the legs', 'Vascular leakage of the eyes', 'Anemia', 'Arrhythmia', 'Ascending colon cancer', 'Deep vein thrombosis', 'Depression', 'Hashimoto disease', 'Heel spurs', 'Hepatitis B', 'Intestine disorder', 'Melanoma', ""Parkinson's disease"", 'Prostatic hyperplasia', ""Sjogren's syndrome"", 'Thalassemia minor', 'Urinary tract infection', 'Vasovagal syncope', 'Vitiligo', 'Heart disease_total', 'Osteopenia_total', 'Tendinitis_total', 'Arthrosis_total', 'Herniated lumbar disc_total', 'Hypercholesterolemia_total', 'Allergy_total', 'Anxiety_total', 'Asthma_total', 'Chodromalacia of the knees_total', 'Diabetes mellitus_total', 'Fibromyalgia_total', 'Hypertension_total', 'Hyperthyroidism_total', 'Hypoglycemia_total', 'Labyrinthitis_total', 'Osteoporosis_total', 'Rhinitis_total', 'Intellectual', 'Physical_total', 'Visual_total', 'Hearing_total', 'Orthopedic Shoes', 'Boots_total', 'Shoes with silicone insole_total', 'Internal fixation in the thigh', 'Internal fixation in the leg', 'Internal fixation in the shoulder', 'Breast implant', 'By pass', 'Clips in the vesicle', 'Corrective lens', 'PaceMaker', 'Internal fixation in the medulla', 'Internal fixation in the knee', 'Corrective lens', 'Prosthesis aortic valve', 'Dental_total', 'Support_total', 'Hearing_total', 'Internal fixation in the toe_foot_total']",39,124,258,0.09850700944662094,0.6422386765480042,net_17
18,"<bound method Module.parameters of Net(
  (linears): ModuleList(
    (0): Linear(in_features=70, out_features=18, bias=True)
    (1): Linear(in_features=18, out_features=9, bias=True)
    (2): Linear(in_features=9, out_features=1, bias=True)
    (3): Linear(in_features=1, out_features=1, bias=True)
  )
)>",70,"[  5   6   7   8   9  13  14  16  21  22  24  26  30  31  33  35  37  39
  42  43  48  50  51  57  58  63  66  67  71  72  76  77  78  79  82  84
  88  92  93 101 108 110 111 112 113 115 117 119 120 121 125 128 129 135
 141 144 145 148 149 150 158 159 162 163 164 168 171 174 177 178]","['BMI', 'FootLen', 'Ystudy', 'Illness', 'Nmedication', '5alphareductaseinhibitor', 'Alphablocker', 'AngiotensinIIreceptorantagonist', 'Anticonvulsant', 'Antihistamine', 'Antimalarial', 'Antipyretic', 'Betablocker', 'Biguanide', 'Bloodcirculation', 'Calciumchannelblocker', 'Cholinesteraseinhibitor', 'Corticosteroid', 'Dipeptidylpeptidase4inhibitor', 'Diuretic', 'HMGCoAreductaseinhibitor', 'Herbalsupplement', 'Homeopathic', 'Longactingbetaagonist', 'Meglitinide', 'Osteoporosis', 'Protonpumpinhibitor', 'Retinoid', 'Selectiveserotoninreuptakeinhibitor', 'Steroid', 'Tumornecrosisfactorinhibitor', 'Vasodilator', 'Wakefulnesspromotingagent', 'Xanthineoxidaseinhibitor', 'Bronchitis', 'Conjunctivitis', 'Essential tremor', 'Glaucoma', 'Gout', 'Ligament problems', 'Prostate disease', 'Rheumatism', 'Sickle cell anemia', 'Sinusitis', 'Skin cancer', 'Spine problem', 'Varicose veins of the legs', 'Anemia', 'Arrhythmia', 'Ascending colon cancer', 'Hashimoto disease', 'Intestine disorder', 'Melanoma', 'Vasovagal syncope', 'Herniated lumbar disc_total', 'Anxiety_total', 'Asthma_total', 'Fibromyalgia_total', 'Hypertension_total', 'Hyperthyroidism_total', 'Physical_total', 'Visual_total', 'Boots_total', 'Shoes with silicone insole_total', 'Normal Shoes_total', 'Internal fixation in the shoulder', 'Clips in the vesicle', 'Internal fixation in the medulla', 'Prosthesis aortic valve', 'Dental_total']",26,124,259,0.14196361601352692,0.5839201807975769,net_18
19,"<bound method Module.parameters of Net(
  (linears): ModuleList(
    (0): Linear(in_features=46, out_features=5, bias=True)
    (1): Linear(in_features=5, out_features=4, bias=True)
    (2): Linear(in_features=4, out_features=3, bias=True)
    (3): Linear(in_features=3, out_features=2, bias=True)
    (4): Linear(in_features=2, out_features=1, bias=True)
    (5): Linear(in_features=1, out_features=1, bias=True)
    (6): Linear(in_features=1, out_features=1, bias=True)
  )
)>",46,"[  1   5   8  10  11  15  24  25  30  33  34  35  36  37  38  40  45  50
  59  60  61  69  71  79  83  84  85  95 112 117 121 126 128 135 139 143
 144 145 147 151 157 158 160 167 177 181]","['AgeGroup', 'BMI', 'Illness', 'Ortho-Prosthesis', 'Disability', 'Analgesic', 'Antimalarial', 'Antimuscarinic', 'Betablocker', 'Bloodcirculation', 'Bronchodilator', 'Calciumchannelblocker', 'Centralnervoussystemagent', 'Cholinesteraseinhibitor', 'Conjugatedestrogen', 'DOPAdecarboxylaseinhibitor', 'Dopamineantagonist', 'Herbalsupplement', 'Musclerelaxant', 'Nonsteroidalantiinflammatory', 'Nucleosidereversetranscriptaseinhibitor', 'Sedative', 'Selectiveserotoninreuptakeinhibitor', 'Xanthineoxidaseinhibitor', 'Bursitis', 'Conjunctivitis', 'Dermatitis', 'Hypertriglyceridemia', 'Sinusitis', 'Varicose veins of the legs', 'Ascending colon cancer', 'Heel spurs', 'Intestine disorder', 'Vasovagal syncope', 'Tendinitis_total', 'Allergy_total', 'Anxiety_total', 'Asthma_total', 'Diabetes mellitus_total', 'Hypoglycemia_total', 'Intellectual', 'Physical_total', 'Hearing_total', 'Internal fixation in the leg', 'Prosthesis aortic valve', 'Internal fixation in the toe_foot_total']",75,124,270,0.06604748219251633,0.7516517639160156,net_19
20,"<bound method Module.parameters of Net(
  (linears): ModuleList(
    (0): Linear(in_features=156, out_features=10, bias=True)
    (1): Linear(in_features=10, out_features=8, bias=True)
    (2): Linear(in_features=8, out_features=7, bias=True)
    (3): Linear(in_features=7, out_features=5, bias=True)
    (4): Linear(in_features=5, out_features=4, bias=True)
    (5): Linear(in_features=4, out_features=2, bias=True)
    (6): Linear(in_features=2, out_features=1, bias=True)
    (7): Linear(in_features=1, out_features=1, bias=True)
  )
)>",156,"[  0   1   2   3   5   6   7   8   9  10  12  13  14  15  16  17  18  19
  20  24  25  26  27  28  29  31  32  33  34  35  36  37  38  39  40  41
  42  43  44  45  46  47  49  50  51  53  54  55  56  59  60  61  62  64
  65  66  67  68  70  71  72  73  74  75  76  77  78  80  82  83  84  86
  87  88  89  90  91  92  93  94  95  96  97  98  99 100 102 103 104 105
 106 107 108 110 111 112 114 116 117 118 120 121 123 124 125 126 127 128
 129 130 131 132 133 134 135 136 137 138 139 140 141 142 143 144 145 146
 147 148 149 150 151 152 153 154 155 156 158 159 160 161 162 164 165 166
 167 169 170 171 172 174 175 176 177 178 179 180]","['Age', 'AgeGroup', 'Gender', 'Height', 'BMI', 'FootLen', 'Ystudy', 'Illness', 'Nmedication', 'Ortho-Prosthesis', 'Falls12m', '5alphareductaseinhibitor', 'Alphablocker', 'Analgesic', 'AngiotensinIIreceptorantagonist', 'Angiotensinconvertingenzymeinhibitor', 'Antiarrhythmic', 'Antibiotic', 'Anticholinergic', 'Antimalarial', 'Antimuscarinic', 'Antipyretic', 'Antithyroid', 'Antivertigo', 'Benzodiazepine', 'Biguanide', 'Bisphosphonate', 'Bloodcirculation', 'Bronchodilator', 'Calciumchannelblocker', 'Centralnervoussystemagent', 'Cholinesteraseinhibitor', 'Conjugatedestrogen', 'Corticosteroid', 'DOPAdecarboxylaseinhibitor', 'Diabetesmellitus', 'Dipeptidylpeptidase4inhibitor', 'Diuretic', 'Dopamineagonist', 'Dopamineantagonist', 'Essentialaminoacid', 'Fluoroquinolone', 'Hblocker', 'Herbalsupplement', 'Homeopathic', 'Hypertension', 'Insulin', 'Kinaseinhibitor', 'Kneecartilagereplacement', 'Musclerelaxant', 'Nonsteroidalantiinflammatory', 'Nucleosidereversetranscriptaseinhibitor', 'Oralcontraceptive', 'Phenothiazine', 'Phytotherapy', 'Protonpumpinhibitor', 'Retinoid', 'Salicylate', 'Selectivenorepinephrinereuptakeinhibitor', 'Selectiveserotoninreuptakeinhibitor', 'Steroid', 'Steroidalprogestin', 'Sulfonylurea', 'Syntheticthyroidhormone', 'Tumornecrosisfactorinhibitor', 'Vasodilator', 'Wakefulnesspromotingagent', 'Arthritis', 'Bronchitis', 'Bursitis', 'Conjunctivitis', 'Epilepsy', 'Esophagitis', 'Essential tremor', 'Fatty liver', 'Gastritis', 'Gastroesophageal reflux', 'Glaucoma', 'Gout', 'Hiatus hernia', 'Hypertriglyceridemia', 'Hyperuricemia', 'Inflammation of the tibial nerve', 'Keratoconus', 'Kidney failure', 'Kidney stones', 'Lumbar tumor', 'Lymphedema of the lower members', 'Migraine', 'Poliomyelitis', 'Polycystic kidney disease', 'Progressive breast cancer', 'Prostate disease', 'Rheumatism', 'Sickle cell anemia', 'Sinusitis', 'Skin disease', 'Stroke', 'Varicose veins of the legs', 'Vascular leakage of the eyes', 'Arrhythmia', 'Ascending colon cancer', 'Depression', 'Endometriosis', 'Hashimoto disease', 'Heel spurs', 'Hepatitis B', 'Intestine disorder', 'Melanoma', ""Parkinson's disease"", 'Prostatic hyperplasia', ""Sjogren's syndrome"", 'Thalassemia minor', 'Urinary tract infection', 'Vasovagal syncope', 'Vitiligo', 'Heart disease_total', 'Osteopenia_total', 'Tendinitis_total', 'Arthrosis_total', 'Herniated lumbar disc_total', 'Hypercholesterolemia_total', 'Allergy_total', 'Anxiety_total', 'Asthma_total', 'Chodromalacia of the knees_total', 'Diabetes mellitus_total', 'Fibromyalgia_total', 'Hypertension_total', 'Hyperthyroidism_total', 'Hypoglycemia_total', 'Hypothyroidism_total', 'Labyrinthitis_total', 'Osteoporosis_total', 'Rhinitis_total', 'Scoliosis_total', 'Physical_total', 'Visual_total', 'Hearing_total', 'Orthopedic Shoes', 'Boots_total', 'Normal Shoes_total', 'Sandal_FlipFlop_total', 'Internal fixation in the thigh', 'Internal fixation in the leg', 'Breast implant', 'By pass', 'Clips in the vesicle', 'Corrective lens', 'Internal fixation in the medulla', 'Internal fixation in the knee', 'Corrective lens', 'Prosthesis aortic valve', 'Dental_total', 'Support_total', 'Hearing_total']",46,124,248,0.12758725881576538,0.7028126120567322,net_20
21,"<bound method Module.parameters of Net(
  (linears): ModuleList(
    (0): Linear(in_features=103, out_features=3, bias=True)
    (1): Linear(in_features=3, out_features=2, bias=True)
    (2): Linear(in_features=2, out_features=2, bias=True)
    (3): Linear(in_features=2, out_features=1, bias=True)
    (4): Linear(in_features=1, out_features=1, bias=True)
    (5): Linear(in_features=1, out_features=1, bias=True)
  )
)>",103,"[  0   3   5   7   9  11  12  13  14  15  16  18  23  25  26  27  28  29
  30  31  33  37  38  39  40  42  43  45  46  47  49  51  53  54  55  59
  60  61  62  67  68  69  70  72  73  74  77  79  84  86  89  92  93  94
  95  96  97  98  99 101 103 107 109 112 113 115 117 118 119 121 123 125
 128 129 130 134 136 137 140 141 142 143 144 145 146 147 148 149 150 153
 154 159 160 166 169 170 173 174 176 177 178 179 180]","['Age', 'Height', 'BMI', 'Ystudy', 'Nmedication', 'Disability', 'Falls12m', '5alphareductaseinhibitor', 'Alphablocker', 'Analgesic', 'AngiotensinIIreceptorantagonist', 'Antiarrhythmic', 'Antiinflammatory', 'Antimuscarinic', 'Antipyretic', 'Antithyroid', 'Antivertigo', 'Benzodiazepine', 'Betablocker', 'Biguanide', 'Bloodcirculation', 'Cholinesteraseinhibitor', 'Conjugatedestrogen', 'Corticosteroid', 'DOPAdecarboxylaseinhibitor', 'Dipeptidylpeptidase4inhibitor', 'Diuretic', 'Dopamineantagonist', 'Essentialaminoacid', 'Fluoroquinolone', 'Hblocker', 'Homeopathic', 'Hypertension', 'Insulin', 'Kinaseinhibitor', 'Musclerelaxant', 'Nonsteroidalantiinflammatory', 'Nucleosidereversetranscriptaseinhibitor', 'Oralcontraceptive', 'Retinoid', 'Salicylate', 'Sedative', 'Selectivenorepinephrinereuptakeinhibitor', 'Steroid', 'Steroidalprogestin', 'Sulfonylurea', 'Vasodilator', 'Xanthineoxidaseinhibitor', 'Conjunctivitis', 'Epilepsy', 'Fatty liver', 'Glaucoma', 'Gout', 'Hiatus hernia', 'Hypertriglyceridemia', 'Hyperuricemia', 'Inflammation of the tibial nerve', 'Keratoconus', 'Kidney failure', 'Ligament problems', 'Lymphedema of the lower members', 'Progressive breast cancer', 'Prostatitis', 'Sinusitis', 'Skin cancer', 'Spine problem', 'Varicose veins of the legs', 'Vascular leakage of the eyes', 'Anemia', 'Ascending colon cancer', 'Depression', 'Hashimoto disease', 'Intestine disorder', 'Melanoma', ""Parkinson's disease"", 'Urinary tract infection', 'Vitiligo', 'Heart disease_total', 'Arthrosis_total', 'Herniated lumbar disc_total', 'Hypercholesterolemia_total', 'Allergy_total', 'Anxiety_total', 'Asthma_total', 'Chodromalacia of the knees_total', 'Diabetes mellitus_total', 'Fibromyalgia_total', 'Hypertension_total', 'Hyperthyroidism_total', 'Labyrinthitis_total', 'Osteoporosis_total', 'Visual_total', 'Hearing_total', 'Internal fixation in the thigh', 'Breast implant', 'By pass', 'PaceMaker', 'Internal fixation in the medulla', 'Corrective lens', 'Prosthesis aortic valve', 'Dental_total', 'Support_total', 'Hearing_total']",42,124,252,0.1285393089056015,0.6231971979141235,net_21
22,"<bound method Module.parameters of Net(
  (linears): ModuleList(
    (0): Linear(in_features=125, out_features=1, bias=True)
    (1): Linear(in_features=1, out_features=1, bias=True)
    (2): Linear(in_features=1, out_features=1, bias=True)
    (3): Linear(in_features=1, out_features=1, bias=True)
    (4): Linear(in_features=1, out_features=1, bias=True)
    (5): Linear(in_features=1, out_features=1, bias=True)
  )
)>",125,"[  1   3   4   5   6   7   9  10  11  13  14  15  17  18  19  21  22  23
  26  27  28  29  30  31  32  33  38  39  40  41  44  45  48  49  50  51
  52  53  55  56  57  59  60  63  66  67  71  72  74  76  77  78  79  80
  82  83  84  85  87  88  89  90  91  92  93  95  97  98  99 100 101 106
 107 109 110 111 112 113 114 115 116 117 118 122 123 124 125 126 127 130
 132 133 134 135 136 137 138 139 141 143 145 147 148 149 152 153 155 156
 158 159 161 162 163 164 166 168 170 173 175 176 177 178 179 180 181]","['AgeGroup', 'Height', 'Weight', 'BMI', 'FootLen', 'Ystudy', 'Nmedication', 'Ortho-Prosthesis', 'Disability', '5alphareductaseinhibitor', 'Alphablocker', 'Analgesic', 'Angiotensinconvertingenzymeinhibitor', 'Antiarrhythmic', 'Antibiotic', 'Anticonvulsant', 'Antihistamine', 'Antiinflammatory', 'Antipyretic', 'Antithyroid', 'Antivertigo', 'Benzodiazepine', 'Betablocker', 'Biguanide', 'Bisphosphonate', 'Bloodcirculation', 'Conjugatedestrogen', 'Corticosteroid', 'DOPAdecarboxylaseinhibitor', 'Diabetesmellitus', 'Dopamineagonist', 'Dopamineantagonist', 'HMGCoAreductaseinhibitor', 'Hblocker', 'Herbalsupplement', 'Homeopathic', 'Hypercholesterolemia', 'Hypertension', 'Kinaseinhibitor', 'Kneecartilagereplacement', 'Longactingbetaagonist', 'Musclerelaxant', 'Nonsteroidalantiinflammatory', 'Osteoporosis', 'Protonpumpinhibitor', 'Retinoid', 'Selectiveserotoninreuptakeinhibitor', 'Steroid', 'Sulfonylurea', 'Tumornecrosisfactorinhibitor', 'Vasodilator', 'Wakefulnesspromotingagent', 'Xanthineoxidaseinhibitor', 'Arthritis', 'Bronchitis', 'Bursitis', 'Conjunctivitis', 'Dermatitis', 'Esophagitis', 'Essential tremor', 'Fatty liver', 'Gastritis', 'Gastroesophageal reflux', 'Glaucoma', 'Gout', 'Hypertriglyceridemia', 'Inflammation of the tibial nerve', 'Keratoconus', 'Kidney failure', 'Kidney stones', 'Ligament problems', 'Polycystic kidney disease', 'Progressive breast cancer', 'Prostatitis', 'Rheumatism', 'Sickle cell anemia', 'Sinusitis', 'Skin cancer', 'Skin disease', 'Spine problem', 'Stroke', 'Varicose veins of the legs', 'Vascular leakage of the eyes', 'Deep vein thrombosis', 'Depression', 'Endometriosis', 'Hashimoto disease', 'Heel spurs', 'Hepatitis B', ""Parkinson's disease"", ""Sjogren's syndrome"", 'Thalassemia minor', 'Urinary tract infection', 'Vasovagal syncope', 'Vitiligo', 'Heart disease_total', 'Osteopenia_total', 'Tendinitis_total', 'Herniated lumbar disc_total', 'Allergy_total', 'Asthma_total', 'Diabetes mellitus_total', 'Fibromyalgia_total', 'Hypertension_total', 'Hypothyroidism_total', 'Labyrinthitis_total', 'Rhinitis_total', 'Scoliosis_total', 'Physical_total', 'Visual_total', 'Orthopedic Shoes', 'Boots_total', 'Shoes with silicone insole_total', 'Normal Shoes_total', 'Internal fixation in the thigh', 'Internal fixation in the shoulder', 'By pass', 'PaceMaker', 'Internal fixation in the knee', 'Corrective lens', 'Prosthesis aortic valve', 'Dental_total', 'Support_total', 'Hearing_total', 'Internal fixation in the toe_foot_total']",47,124,304,0.13397428393363953,0.6830976605415344,net_22
23,"<bound method Module.parameters of Net(
  (linears): ModuleList(
    (0): Linear(in_features=107, out_features=17, bias=True)
    (1): Linear(in_features=17, out_features=1, bias=True)
    (2): Linear(in_features=1, out_features=1, bias=True)
  )
)>",107,"[  0   3   4   6   7   9  10  12  13  14  17  19  22  24  25  27  30  31
  33  36  37  38  40  43  44  49  50  52  54  55  56  58  59  61  62  63
  64  65  66  72  73  74  75  76  77  80  82  83  84  87  88  89  90  91
  94  95  97 100 102 103 105 106 107 110 112 113 114 115 117 119 121 122
 125 127 128 129 130 131 136 137 139 140 141 142 143 144 146 149 150 151
 153 154 158 161 162 164 165 167 169 172 173 174 175 176 178 179 180]","['Age', 'Height', 'Weight', 'FootLen', 'Ystudy', 'Nmedication', 'Ortho-Prosthesis', 'Falls12m', '5alphareductaseinhibitor', 'Alphablocker', 'Angiotensinconvertingenzymeinhibitor', 'Antibiotic', 'Antihistamine', 'Antimalarial', 'Antimuscarinic', 'Antithyroid', 'Betablocker', 'Biguanide', 'Bloodcirculation', 'Centralnervoussystemagent', 'Cholinesteraseinhibitor', 'Conjugatedestrogen', 'DOPAdecarboxylaseinhibitor', 'Diuretic', 'Dopamineagonist', 'Hblocker', 'Herbalsupplement', 'Hypercholesterolemia', 'Insulin', 'Kinaseinhibitor', 'Kneecartilagereplacement', 'Meglitinide', 'Musclerelaxant', 'Nucleosidereversetranscriptaseinhibitor', 'Oralcontraceptive', 'Osteoporosis', 'Phenothiazine', 'Phytotherapy', 'Protonpumpinhibitor', 'Steroid', 'Steroidalprogestin', 'Sulfonylurea', 'Syntheticthyroidhormone', 'Tumornecrosisfactorinhibitor', 'Vasodilator', 'Arthritis', 'Bronchitis', 'Bursitis', 'Conjunctivitis', 'Esophagitis', 'Essential tremor', 'Fatty liver', 'Gastritis', 'Gastroesophageal reflux', 'Hiatus hernia', 'Hypertriglyceridemia', 'Inflammation of the tibial nerve', 'Kidney stones', 'Lumbar tumor', 'Lymphedema of the lower members', 'Poliomyelitis', 'Polycystic kidney disease', 'Progressive breast cancer', 'Rheumatism', 'Sinusitis', 'Skin cancer', 'Skin disease', 'Spine problem', 'Varicose veins of the legs', 'Anemia', 'Ascending colon cancer', 'Deep vein thrombosis', 'Hashimoto disease', 'Hepatitis B', 'Intestine disorder', 'Melanoma', ""Parkinson's disease"", 'Prostatic hyperplasia', 'Vitiligo', 'Heart disease_total', 'Tendinitis_total', 'Arthrosis_total', 'Herniated lumbar disc_total', 'Hypercholesterolemia_total', 'Allergy_total', 'Anxiety_total', 'Chodromalacia of the knees_total', 'Hypertension_total', 'Hyperthyroidism_total', 'Hypoglycemia_total', 'Labyrinthitis_total', 'Osteoporosis_total', 'Physical_total', 'Orthopedic Shoes', 'Boots_total', 'Normal Shoes_total', 'Sandal_FlipFlop_total', 'Internal fixation in the leg', 'Breast implant', 'Corrective lens', 'PaceMaker', 'Internal fixation in the medulla', 'Internal fixation in the knee', 'Corrective lens', 'Dental_total', 'Support_total', 'Hearing_total']",86,124,246,0.15850773453712463,0.5705052018165588,net_23
24,"<bound method Module.parameters of Net(
  (linears): ModuleList(
    (0): Linear(in_features=51, out_features=8, bias=True)
    (1): Linear(in_features=8, out_features=6, bias=True)
    (2): Linear(in_features=6, out_features=4, bias=True)
    (3): Linear(in_features=4, out_features=2, bias=True)
    (4): Linear(in_features=2, out_features=1, bias=True)
    (5): Linear(in_features=1, out_features=1, bias=True)
  )
)>",51,"[  3   6   7   8  12  14  34  38  46  52  64  65  70  72  74  79  80  82
  85  93  96  99 102 103 104 106 111 115 116 124 126 127 129 132 133 134
 140 142 146 147 150 157 158 159 160 161 168 169 170 171 175]","['Height', 'FootLen', 'Ystudy', 'Illness', 'Falls12m', 'Alphablocker', 'Bronchodilator', 'Conjugatedestrogen', 'Essentialaminoacid', 'Hypercholesterolemia', 'Phenothiazine', 'Phytotherapy', 'Selectivenorepinephrinereuptakeinhibitor', 'Steroid', 'Sulfonylurea', 'Xanthineoxidaseinhibitor', 'Arthritis', 'Bronchitis', 'Dermatitis', 'Gout', 'Hyperuricemia', 'Kidney failure', 'Lumbar tumor', 'Lymphedema of the lower members', 'Migraine', 'Polycystic kidney disease', 'Sickle cell anemia', 'Spine problem', 'Stroke', 'Endometriosis', 'Heel spurs', 'Hepatitis B', 'Melanoma', ""Sjogren's syndrome"", 'Thalassemia minor', 'Urinary tract infection', 'Arthrosis_total', 'Hypercholesterolemia_total', 'Chodromalacia of the knees_total', 'Diabetes mellitus_total', 'Hyperthyroidism_total', 'Intellectual', 'Physical_total', 'Visual_total', 'Hearing_total', 'Orthopedic Shoes', 'Internal fixation in the shoulder', 'Breast implant', 'By pass', 'Clips in the vesicle', 'Internal fixation in the knee']",50,124,260,0.12688957154750824,0.586105465888977,net_24
25,"<bound method Module.parameters of Net(
  (linears): ModuleList(
    (0): Linear(in_features=46, out_features=9, bias=True)
    (1): Linear(in_features=9, out_features=6, bias=True)
    (2): Linear(in_features=6, out_features=3, bias=True)
    (3): Linear(in_features=3, out_features=1, bias=True)
    (4): Linear(in_features=1, out_features=1, bias=True)
  )
)>",46,"[  2   3   7  14  15  16  22  25  28  29  30  31  32  33  34  35  36  39
  43  44  51  52  56  60  64  68  69  73  82  89  90  93 101 102 106 110
 117 121 128 135 150 151 159 168 177 180]","['Gender', 'Height', 'Ystudy', 'Alphablocker', 'Analgesic', 'AngiotensinIIreceptorantagonist', 'Antihistamine', 'Antimuscarinic', 'Antivertigo', 'Benzodiazepine', 'Betablocker', 'Biguanide', 'Bisphosphonate', 'Bloodcirculation', 'Bronchodilator', 'Calciumchannelblocker', 'Centralnervoussystemagent', 'Corticosteroid', 'Diuretic', 'Dopamineagonist', 'Homeopathic', 'Hypercholesterolemia', 'Kneecartilagereplacement', 'Nonsteroidalantiinflammatory', 'Phenothiazine', 'Salicylate', 'Sedative', 'Steroidalprogestin', 'Bronchitis', 'Fatty liver', 'Gastritis', 'Gout', 'Ligament problems', 'Lumbar tumor', 'Polycystic kidney disease', 'Rheumatism', 'Varicose veins of the legs', 'Ascending colon cancer', 'Intestine disorder', 'Vasovagal syncope', 'Hyperthyroidism_total', 'Hypoglycemia_total', 'Visual_total', 'Internal fixation in the shoulder', 'Prosthesis aortic valve', 'Hearing_total']",36,124,280,0.16695566475391388,0.5110201239585876,net_25
26,"<bound method Module.parameters of Net(
  (linears): ModuleList(
    (0): Linear(in_features=169, out_features=14, bias=True)
    (1): Linear(in_features=14, out_features=1, bias=True)
    (2): Linear(in_features=1, out_features=1, bias=True)
  )
)>",169,"[  0   1   2   3   4   5   6   7   8  10  11  12  13  14  15  16  17  18
  19  20  21  22  23  24  25  26  27  28  29  30  31  32  33  34  35  36
  37  38  39  40  41  42  43  44  45  46  47  48  49  51  52  53  54  55
  56  57  58  59  60  61  62  64  65  66  67  68  69  70  74  75  76  77
  78  79  80  81  82  83  84  85  86  87  88  89  90  91  92  94  95  96
  97  98 100 101 102 103 104 105 106 108 109 110 111 112 113 114 115 116
 117 118 119 120 121 122 123 124 125 126 127 128 129 130 131 132 133 134
 135 136 137 138 139 140 141 142 143 144 146 147 148 149 150 151 152 153
 154 155 156 158 159 160 161 162 163 164 165 166 167 168 169 170 171 172
 174 175 176 177 178 180 181]","['Age', 'AgeGroup', 'Gender', 'Height', 'Weight', 'BMI', 'FootLen', 'Ystudy', 'Illness', 'Ortho-Prosthesis', 'Disability', 'Falls12m', '5alphareductaseinhibitor', 'Alphablocker', 'Analgesic', 'AngiotensinIIreceptorantagonist', 'Angiotensinconvertingenzymeinhibitor', 'Antiarrhythmic', 'Antibiotic', 'Anticholinergic', 'Anticonvulsant', 'Antihistamine', 'Antiinflammatory', 'Antimalarial', 'Antimuscarinic', 'Antipyretic', 'Antithyroid', 'Antivertigo', 'Benzodiazepine', 'Betablocker', 'Biguanide', 'Bisphosphonate', 'Bloodcirculation', 'Bronchodilator', 'Calciumchannelblocker', 'Centralnervoussystemagent', 'Cholinesteraseinhibitor', 'Conjugatedestrogen', 'Corticosteroid', 'DOPAdecarboxylaseinhibitor', 'Diabetesmellitus', 'Dipeptidylpeptidase4inhibitor', 'Diuretic', 'Dopamineagonist', 'Dopamineantagonist', 'Essentialaminoacid', 'Fluoroquinolone', 'HMGCoAreductaseinhibitor', 'Hblocker', 'Homeopathic', 'Hypercholesterolemia', 'Hypertension', 'Insulin', 'Kinaseinhibitor', 'Kneecartilagereplacement', 'Longactingbetaagonist', 'Meglitinide', 'Musclerelaxant', 'Nonsteroidalantiinflammatory', 'Nucleosidereversetranscriptaseinhibitor', 'Oralcontraceptive', 'Phenothiazine', 'Phytotherapy', 'Protonpumpinhibitor', 'Retinoid', 'Salicylate', 'Sedative', 'Selectivenorepinephrinereuptakeinhibitor', 'Sulfonylurea', 'Syntheticthyroidhormone', 'Tumornecrosisfactorinhibitor', 'Vasodilator', 'Wakefulnesspromotingagent', 'Xanthineoxidaseinhibitor', 'Arthritis', 'Breathlessness', 'Bronchitis', 'Bursitis', 'Conjunctivitis', 'Dermatitis', 'Epilepsy', 'Esophagitis', 'Essential tremor', 'Fatty liver', 'Gastritis', 'Gastroesophageal reflux', 'Glaucoma', 'Hiatus hernia', 'Hypertriglyceridemia', 'Hyperuricemia', 'Inflammation of the tibial nerve', 'Keratoconus', 'Kidney stones', 'Ligament problems', 'Lumbar tumor', 'Lymphedema of the lower members', 'Migraine', 'Poliomyelitis', 'Polycystic kidney disease', 'Prostate disease', 'Prostatitis', 'Rheumatism', 'Sickle cell anemia', 'Sinusitis', 'Skin cancer', 'Skin disease', 'Spine problem', 'Stroke', 'Varicose veins of the legs', 'Vascular leakage of the eyes', 'Anemia', 'Arrhythmia', 'Ascending colon cancer', 'Deep vein thrombosis', 'Depression', 'Endometriosis', 'Hashimoto disease', 'Heel spurs', 'Hepatitis B', 'Intestine disorder', 'Melanoma', ""Parkinson's disease"", 'Prostatic hyperplasia', ""Sjogren's syndrome"", 'Thalassemia minor', 'Urinary tract infection', 'Vasovagal syncope', 'Vitiligo', 'Heart disease_total', 'Osteopenia_total', 'Tendinitis_total', 'Arthrosis_total', 'Herniated lumbar disc_total', 'Hypercholesterolemia_total', 'Allergy_total', 'Anxiety_total', 'Chodromalacia of the knees_total', 'Diabetes mellitus_total', 'Fibromyalgia_total', 'Hypertension_total', 'Hyperthyroidism_total', 'Hypoglycemia_total', 'Hypothyroidism_total', 'Labyrinthitis_total', 'Osteoporosis_total', 'Rhinitis_total', 'Scoliosis_total', 'Physical_total', 'Visual_total', 'Hearing_total', 'Orthopedic Shoes', 'Boots_total', 'Shoes with silicone insole_total', 'Normal Shoes_total', 'Sandal_FlipFlop_total', 'Internal fixation in the thigh', 'Internal fixation in the leg', 'Internal fixation in the shoulder', 'Breast implant', 'By pass', 'Clips in the vesicle', 'Corrective lens', 'Internal fixation in the medulla', 'Internal fixation in the knee', 'Corrective lens', 'Prosthesis aortic valve', 'Dental_total', 'Hearing_total', 'Internal fixation in the toe_foot_total']",10,124,300,0.08288290351629257,0.8059089779853821,net_26
27,"<bound method Module.parameters of Net(
  (linears): ModuleList(
    (0): Linear(in_features=153, out_features=11, bias=True)
    (1): Linear(in_features=11, out_features=9, bias=True)
    (2): Linear(in_features=9, out_features=7, bias=True)
    (3): Linear(in_features=7, out_features=6, bias=True)
    (4): Linear(in_features=6, out_features=4, bias=True)
    (5): Linear(in_features=4, out_features=2, bias=True)
    (6): Linear(in_features=2, out_features=1, bias=True)
    (7): Linear(in_features=1, out_features=1, bias=True)
  )
)>",153,"[  1   2   3   4   5   6   7   8   9  10  11  12  14  15  16  17  18  19
  20  21  22  23  24  27  28  29  30  31  32  33  34  35  36  37  39  40
  41  42  43  45  46  47  48  50  51  52  53  54  55  56  57  58  59  60
  61  62  63  64  65  66  67  68  70  71  72  73  74  75  76  77  78  79
  80  82  83  84  87  88  89  90  91  92  93  95  96  97  99 100 101 102
 103 104 105 106 107 108 109 110 111 112 113 116 117 119 120 121 122 123
 124 125 127 128 129 130 132 133 134 135 136 139 140 141 142 143 145 146
 147 148 149 152 153 154 156 157 159 161 162 163 164 165 166 168 169 170
 172 173 174 175 176 177 179 180 181]","['AgeGroup', 'Gender', 'Height', 'Weight', 'BMI', 'FootLen', 'Ystudy', 'Illness', 'Nmedication', 'Ortho-Prosthesis', 'Disability', 'Falls12m', 'Alphablocker', 'Analgesic', 'AngiotensinIIreceptorantagonist', 'Angiotensinconvertingenzymeinhibitor', 'Antiarrhythmic', 'Antibiotic', 'Anticholinergic', 'Anticonvulsant', 'Antihistamine', 'Antiinflammatory', 'Antimalarial', 'Antithyroid', 'Antivertigo', 'Benzodiazepine', 'Betablocker', 'Biguanide', 'Bisphosphonate', 'Bloodcirculation', 'Bronchodilator', 'Calciumchannelblocker', 'Centralnervoussystemagent', 'Cholinesteraseinhibitor', 'Corticosteroid', 'DOPAdecarboxylaseinhibitor', 'Diabetesmellitus', 'Dipeptidylpeptidase4inhibitor', 'Diuretic', 'Dopamineantagonist', 'Essentialaminoacid', 'Fluoroquinolone', 'HMGCoAreductaseinhibitor', 'Herbalsupplement', 'Homeopathic', 'Hypercholesterolemia', 'Hypertension', 'Insulin', 'Kinaseinhibitor', 'Kneecartilagereplacement', 'Longactingbetaagonist', 'Meglitinide', 'Musclerelaxant', 'Nonsteroidalantiinflammatory', 'Nucleosidereversetranscriptaseinhibitor', 'Oralcontraceptive', 'Osteoporosis', 'Phenothiazine', 'Phytotherapy', 'Protonpumpinhibitor', 'Retinoid', 'Salicylate', 'Selectivenorepinephrinereuptakeinhibitor', 'Selectiveserotoninreuptakeinhibitor', 'Steroid', 'Steroidalprogestin', 'Sulfonylurea', 'Syntheticthyroidhormone', 'Tumornecrosisfactorinhibitor', 'Vasodilator', 'Wakefulnesspromotingagent', 'Xanthineoxidaseinhibitor', 'Arthritis', 'Bronchitis', 'Bursitis', 'Conjunctivitis', 'Esophagitis', 'Essential tremor', 'Fatty liver', 'Gastritis', 'Gastroesophageal reflux', 'Glaucoma', 'Gout', 'Hypertriglyceridemia', 'Hyperuricemia', 'Inflammation of the tibial nerve', 'Kidney failure', 'Kidney stones', 'Ligament problems', 'Lumbar tumor', 'Lymphedema of the lower members', 'Migraine', 'Poliomyelitis', 'Polycystic kidney disease', 'Progressive breast cancer', 'Prostate disease', 'Prostatitis', 'Rheumatism', 'Sickle cell anemia', 'Sinusitis', 'Skin cancer', 'Stroke', 'Varicose veins of the legs', 'Anemia', 'Arrhythmia', 'Ascending colon cancer', 'Deep vein thrombosis', 'Depression', 'Endometriosis', 'Hashimoto disease', 'Hepatitis B', 'Intestine disorder', 'Melanoma', ""Parkinson's disease"", ""Sjogren's syndrome"", 'Thalassemia minor', 'Urinary tract infection', 'Vasovagal syncope', 'Vitiligo', 'Tendinitis_total', 'Arthrosis_total', 'Herniated lumbar disc_total', 'Hypercholesterolemia_total', 'Allergy_total', 'Asthma_total', 'Chodromalacia of the knees_total', 'Diabetes mellitus_total', 'Fibromyalgia_total', 'Hypertension_total', 'Hypothyroidism_total', 'Labyrinthitis_total', 'Osteoporosis_total', 'Scoliosis_total', 'Intellectual', 'Visual_total', 'Orthopedic Shoes', 'Boots_total', 'Shoes with silicone insole_total', 'Normal Shoes_total', 'Sandal_FlipFlop_total', 'Internal fixation in the thigh', 'Internal fixation in the shoulder', 'Breast implant', 'By pass', 'Corrective lens', 'PaceMaker', 'Internal fixation in the medulla', 'Internal fixation in the knee', 'Corrective lens', 'Prosthesis aortic valve', 'Support_total', 'Hearing_total', 'Internal fixation in the toe_foot_total']",75,124,270,0.09538991004228592,0.7922182083129883,net_27
28,"<bound method Module.parameters of Net(
  (linears): ModuleList(
    (0): Linear(in_features=180, out_features=6, bias=True)
    (1): Linear(in_features=6, out_features=1, bias=True)
    (2): Linear(in_features=1, out_features=1, bias=True)
  )
)>",180,"[  0   1   2   3   4   5   6   7   8   9  10  12  13  14  15  16  17  18
  19  20  21  22  23  24  25  26  27  28  29  30  31  32  33  34  36  37
  38  39  40  41  42  43  44  45  46  47  48  49  50  51  52  53  54  55
  56  57  58  59  60  61  62  63  64  65  66  67  68  69  70  71  72  73
  74  75  76  77  78  79  80  81  82  83  84  85  86  87  88  89  90  91
  92  93  94  95  96  97  98  99 100 101 102 103 104 105 106 107 108 109
 110 111 112 113 114 115 116 117 118 119 120 121 122 123 124 125 126 127
 128 129 130 131 132 133 134 135 136 137 138 139 140 141 142 143 144 145
 146 147 148 149 150 151 152 153 154 155 156 157 158 159 160 161 162 163
 164 165 166 167 168 169 170 171 172 173 174 175 176 177 178 179 180 181]","['Age', 'AgeGroup', 'Gender', 'Height', 'Weight', 'BMI', 'FootLen', 'Ystudy', 'Illness', 'Nmedication', 'Ortho-Prosthesis', 'Falls12m', '5alphareductaseinhibitor', 'Alphablocker', 'Analgesic', 'AngiotensinIIreceptorantagonist', 'Angiotensinconvertingenzymeinhibitor', 'Antiarrhythmic', 'Antibiotic', 'Anticholinergic', 'Anticonvulsant', 'Antihistamine', 'Antiinflammatory', 'Antimalarial', 'Antimuscarinic', 'Antipyretic', 'Antithyroid', 'Antivertigo', 'Benzodiazepine', 'Betablocker', 'Biguanide', 'Bisphosphonate', 'Bloodcirculation', 'Bronchodilator', 'Centralnervoussystemagent', 'Cholinesteraseinhibitor', 'Conjugatedestrogen', 'Corticosteroid', 'DOPAdecarboxylaseinhibitor', 'Diabetesmellitus', 'Dipeptidylpeptidase4inhibitor', 'Diuretic', 'Dopamineagonist', 'Dopamineantagonist', 'Essentialaminoacid', 'Fluoroquinolone', 'HMGCoAreductaseinhibitor', 'Hblocker', 'Herbalsupplement', 'Homeopathic', 'Hypercholesterolemia', 'Hypertension', 'Insulin', 'Kinaseinhibitor', 'Kneecartilagereplacement', 'Longactingbetaagonist', 'Meglitinide', 'Musclerelaxant', 'Nonsteroidalantiinflammatory', 'Nucleosidereversetranscriptaseinhibitor', 'Oralcontraceptive', 'Osteoporosis', 'Phenothiazine', 'Phytotherapy', 'Protonpumpinhibitor', 'Retinoid', 'Salicylate', 'Sedative', 'Selectivenorepinephrinereuptakeinhibitor', 'Selectiveserotoninreuptakeinhibitor', 'Steroid', 'Steroidalprogestin', 'Sulfonylurea', 'Syntheticthyroidhormone', 'Tumornecrosisfactorinhibitor', 'Vasodilator', 'Wakefulnesspromotingagent', 'Xanthineoxidaseinhibitor', 'Arthritis', 'Breathlessness', 'Bronchitis', 'Bursitis', 'Conjunctivitis', 'Dermatitis', 'Epilepsy', 'Esophagitis', 'Essential tremor', 'Fatty liver', 'Gastritis', 'Gastroesophageal reflux', 'Glaucoma', 'Gout', 'Hiatus hernia', 'Hypertriglyceridemia', 'Hyperuricemia', 'Inflammation of the tibial nerve', 'Keratoconus', 'Kidney failure', 'Kidney stones', 'Ligament problems', 'Lumbar tumor', 'Lymphedema of the lower members', 'Migraine', 'Poliomyelitis', 'Polycystic kidney disease', 'Progressive breast cancer', 'Prostate disease', 'Prostatitis', 'Rheumatism', 'Sickle cell anemia', 'Sinusitis', 'Skin cancer', 'Skin disease', 'Spine problem', 'Stroke', 'Varicose veins of the legs', 'Vascular leakage of the eyes', 'Anemia', 'Arrhythmia', 'Ascending colon cancer', 'Deep vein thrombosis', 'Depression', 'Endometriosis', 'Hashimoto disease', 'Heel spurs', 'Hepatitis B', 'Intestine disorder', 'Melanoma', ""Parkinson's disease"", 'Prostatic hyperplasia', ""Sjogren's syndrome"", 'Thalassemia minor', 'Urinary tract infection', 'Vasovagal syncope', 'Vitiligo', 'Heart disease_total', 'Osteopenia_total', 'Tendinitis_total', 'Arthrosis_total', 'Herniated lumbar disc_total', 'Hypercholesterolemia_total', 'Allergy_total', 'Anxiety_total', 'Asthma_total', 'Chodromalacia of the knees_total', 'Diabetes mellitus_total', 'Fibromyalgia_total', 'Hypertension_total', 'Hyperthyroidism_total', 'Hypoglycemia_total', 'Hypothyroidism_total', 'Labyrinthitis_total', 'Osteoporosis_total', 'Rhinitis_total', 'Scoliosis_total', 'Intellectual', 'Physical_total', 'Visual_total', 'Hearing_total', 'Orthopedic Shoes', 'Boots_total', 'Shoes with silicone insole_total', 'Normal Shoes_total', 'Sandal_FlipFlop_total', 'Internal fixation in the thigh', 'Internal fixation in the leg', 'Internal fixation in the shoulder', 'Breast implant', 'By pass', 'Clips in the vesicle', 'Corrective lens', 'PaceMaker', 'Internal fixation in the medulla', 'Internal fixation in the knee', 'Corrective lens', 'Prosthesis aortic valve', 'Dental_total', 'Support_total', 'Hearing_total', 'Internal fixation in the toe_foot_total']",41,124,285,0.2756299674510956,0.45876726508140564,net_28
